Source,Images,Prev.,Eligible,Raw AUROC,Raw Brier,Scaled Brier,Delta Brier,Raw ECE-15,Scaled ECE-15,Delta ECE-15,Calibration effect
CRFO-v4,79,0.608,True,"0.454 [0.328, 0.585]","0.4963 [0.4019, 0.5901]","0.4093 [0.3297, 0.4876]",-0.087,"0.5090 [0.4220, 0.6160]","0.3640 [0.2998, 0.4966]",-0.145,improved_brier_and_ece
G1020,1020,0.29,True,"0.520 [0.481, 0.560]","0.3112 [0.2950, 0.3281]","0.2833 [0.2692, 0.2971]",-0.0279,"0.3052 [0.2902, 0.3271]","0.2548 [0.2382, 0.2793]",-0.0504,improved_brier_and_ece
BEH,634,0.27,True,"0.787 [0.743, 0.829]","0.1748 [0.1501, 0.2006]","0.1552 [0.1343, 0.1758]",-0.0196,"0.1693 [0.1462, 0.1996]","0.1222 [0.1025, 0.1559]",-0.0471,improved_brier_and_ece
FIVES,400,0.375,True,"0.797 [0.753, 0.841]","0.2332 [0.1955, 0.2711]","0.2110 [0.1786, 0.2452]",-0.0223,"0.2322 [0.1977, 0.2734]","0.1960 [0.1694, 0.2419]",-0.0361,improved_brier_and_ece
sjchoi86-HRF,401,0.252,True,"0.819 [0.766, 0.867]","0.1703 [0.1447, 0.1957]","0.1480 [0.1258, 0.1699]",-0.0223,"0.1703 [0.1482, 0.2007]","0.1370 [0.1180, 0.1685]",-0.0333,improved_brier_and_ece
ORIGA,650,0.258,True,"0.840 [0.805, 0.874]","0.1769 [0.1500, 0.2039]","0.1465 [0.1264, 0.1674]",-0.0303,"0.1795 [0.1532, 0.2098]","0.1038 [0.0855, 0.1377]",-0.0758,improved_brier_and_ece
DRISHTI-GS1,101,0.693,True,"0.858 [0.778, 0.927]","0.2172 [0.1472, 0.2908]","0.1913 [0.1345, 0.2533]",-0.0259,"0.2363 [0.1653, 0.3169]","0.2408 [0.1883, 0.3170]",0.0045,improved_brier_only
HRF,30,0.5,True,"0.898 [0.760, 0.982]","0.1710 [0.0646, 0.2992]","0.1367 [0.0658, 0.2218]",-0.0343,"0.1954 [0.0873, 0.3360]","0.1509 [0.0949, 0.2856]",-0.0445,improved_brier_and_ece
OIA-ODIR-TEST-OFFLINE,453,0.079,True,"0.901 [0.843, 0.949]","0.1184 [0.0918, 0.1463]","0.0980 [0.0780, 0.1203]",-0.0204,"0.1236 [0.0980, 0.1560]","0.1219 [0.1003, 0.1508]",-0.0017,improved_brier_and_ece
REFUGE1-val,400,0.1,True,"0.901 [0.838, 0.958]","0.0454 [0.0299, 0.0614]","0.0412 [0.0282, 0.0554]",-0.0042,"0.0481 [0.0328, 0.0639]","0.0383 [0.0260, 0.0562]",-0.0097,improved_brier_and_ece
REFUGE1-train,400,0.1,True,"0.915 [0.856, 0.963]","0.0420 [0.0262, 0.0590]","0.0408 [0.0275, 0.0555]",-0.0013,"0.0443 [0.0286, 0.0626]","0.0426 [0.0340, 0.0654]",-0.0017,improved_brier_and_ece
OIA-ODIR-TRAIN,3129,0.063,True,"0.936 [0.918, 0.952]","0.0953 [0.0858, 0.1051]","0.0800 [0.0728, 0.0873]",-0.0153,"0.1014 [0.0917, 0.1121]","0.1070 [0.0985, 0.1158]",0.0056,improved_brier_only
OIA-ODIR-TEST-ONLINE,860,0.067,True,"0.950 [0.928, 0.968]","0.1084 [0.0897, 0.1283]","0.0922 [0.0773, 0.1073]",-0.0162,"0.1150 [0.0966, 0.1376]","0.1259 [0.1085, 0.1440]",0.0108,improved_brier_only
LES-AV,22,0.5,True,"0.967 [0.876, 1.000]","0.0953 [0.0030, 0.2263]","0.0939 [0.0229, 0.1854]",-0.0014,"0.1166 [0.0192, 0.2338]","0.1490 [0.0705, 0.2551]",0.0324,improved_brier_only
JSIEC-1000,38,0.0,False,,,,0.0004,,,0.0109,not_improved
DR-HAGIS,10,1.0,False,,,,-0.0406,,,0.0067,improved_brier_only
