Source,Images,Positive,Negative,Positive prevalence,AUROC [95% CI],Balanced accuracy [95% CI],Brier,Below-chance AUROC flag
BEH,634,171.0,463.0,0.2697160883280757,"0.787 [0.744, 0.829]","0.704 [0.664, 0.744]",0.1552093844749426,False
CRFO-v4,79,48.0,31.0,0.6075949367088608,"0.455 [0.331, 0.589]","0.445 [0.360, 0.536]",0.4093323779428707,True
DR-HAGIS,10,10.0,,1.0,NA,NA,,False
DRISHTI-GS1,101,70.0,31.0,0.693069306930693,"0.858 [0.778, 0.926]","0.783 [0.690, 0.869]",0.191329596807573,False
EyePACS-Glaucoma,3269,3269.0,,1.0,NA,NA,,False
FIVES,400,150.0,250.0,0.375,"0.797 [0.750, 0.841]","0.731 [0.684, 0.775]",0.2109791641483701,False
G1020,1020,296.0,724.0,0.2901960784313726,"0.520 [0.482, 0.559]","0.507 [0.477, 0.538]",0.2832995684190483,False
HRF,30,15.0,15.0,0.5,"0.898 [0.764, 0.987]","0.700 [0.533, 0.833]",0.1366588266385348,False
JSIEC-1000,38,,38.0,0.0,NA,NA,,False
LES-AV,22,11.0,11.0,0.5,"0.967 [0.876, 1.000]","0.773 [0.636, 0.909]",0.0939273630923314,False
OIA-ODIR-TEST-OFFLINE,453,36.0,417.0,0.0794701986754966,"0.901 [0.844, 0.948]","0.796 [0.735, 0.846]",0.0979609067414446,False
OIA-ODIR-TEST-ONLINE,860,58.0,802.0,0.0674418604651162,"0.950 [0.930, 0.968]","0.848 [0.818, 0.873]",0.0922284595318463,False
OIA-ODIR-TRAIN,3129,197.0,2932.0,0.0629594119527005,"0.936 [0.918, 0.951]","0.844 [0.825, 0.862]",0.0800205406038094,False
ORIGA,650,168.0,482.0,0.2584615384615384,"0.840 [0.804, 0.874]","0.764 [0.729, 0.799]",0.1465233759571367,False
PAPILA,420,87.0,333.0,0.2071428571428571,NA,NA,,False
REFUGE1-train,400,40.0,360.0,0.1,"0.915 [0.855, 0.963]","0.831 [0.757, 0.896]",0.0407576066081049,False
REFUGE1-val,400,40.0,360.0,0.1,"0.901 [0.836, 0.955]","0.837 [0.767, 0.906]",0.041203190360227,False
sjchoi86-HRF,401,101.0,300.0,0.2518703241895262,"0.819 [0.767, 0.868]","0.745 [0.696, 0.796]",0.1479753465913633,False
