model_name,external_source_dataset,n_images,n_positive,n_negative,prevalence,metric_eligible,raw_auroc,scaled_auroc,delta_auroc_scaled_minus_raw,raw_balanced_accuracy,scaled_balanced_accuracy,raw_brier_score,scaled_brier_score,delta_brier_scaled_minus_raw,raw_ece_15,scaled_ece_15,delta_ece_15_scaled_minus_raw,raw_auroc_ci,scaled_auroc_ci,raw_brier_ci,scaled_brier_ci,raw_ece_15_ci,scaled_ece_15_ci,calibration_effect
ConvNeXtTiny,BEH,634,171,463,0.2697160883280757,True,0.7641746555012441,0.7641746555012441,0.0,0.7159574602452856,0.7191972010660199,0.17610558811136556,0.16423058502584997,-0.01187500308551559,0.17475675463073187,0.14568637347712934,-0.029070381153602526,"0.764 [0.715, 0.810]","0.764 [0.717, 0.810]","0.1761 [0.1515, 0.2013]","0.1642 [0.1421, 0.1871]","0.1748 [0.1513, 0.2044]","0.1457 [0.1248, 0.1764]",improved_brier_and_ece
ConvNeXtTiny,CRFO-v4,79,48,31,0.6075949367088608,True,0.5987903225806451,0.5987903225806451,0.0,0.5480510752688172,0.5480510752688172,0.4468298132616264,0.4020743927909284,-0.044755420470698026,0.4586055244842405,0.4084713336139241,-0.0501341908703164,"0.599 [0.469, 0.722]","0.599 [0.468, 0.719]","0.4468 [0.3539, 0.5391]","0.4021 [0.3197, 0.4847]","0.4586 [0.3656, 0.5605]","0.4085 [0.3297, 0.5151]",improved_brier_and_ece
ConvNeXtTiny,DR-HAGIS,10,10,0,1.0,False,,,,,,0.4626367326361708,0.407681194965597,-0.05495553767057376,0.484704394682,0.4751556692,-0.009548725481999976,NA,NA,NA,NA,NA,NA,improved_brier_and_ece
ConvNeXtTiny,DRISHTI-GS1,101,70,31,0.693069306930693,True,0.9124423963133641,0.9124423963133641,0.0,0.8122119815668203,0.797926267281106,0.1843023724625647,0.16881494537014916,-0.015487427092415545,0.20182410897799005,0.177396514670297,-0.024427594307693062,"0.912 [0.850, 0.962]","0.912 [0.851, 0.962]","0.1843 [0.1160, 0.2591]","0.1688 [0.1096, 0.2324]","0.2018 [0.1325, 0.2793]","0.1774 [0.1290, 0.2606]",improved_brier_and_ece
ConvNeXtTiny,FIVES,400,150,250,0.375,True,0.8072266666666666,0.8072266666666665,-1.1102230246251565e-16,0.6946666666666667,0.6946666666666667,0.24843213109334664,0.23239998562658365,-0.016032145466762987,0.25116583618735755,0.22508611446550003,-0.02607972172185752,"0.807 [0.761, 0.850]","0.807 [0.763, 0.851]","0.2484 [0.2086, 0.2887]","0.2324 [0.1961, 0.2680]","0.2512 [0.2141, 0.2947]","0.2251 [0.1917, 0.2680]",improved_brier_and_ece
ConvNeXtTiny,G1020,1020,296,724,0.2901960784313726,True,0.518249776019113,0.518249776019113,0.0,0.4965749589368374,0.4969575929520681,0.3150742832325017,0.29557478220425376,-0.019499501028247934,0.31508447035678927,0.28651895888676465,-0.028565511470024618,"0.518 [0.479, 0.557]","0.518 [0.478, 0.558]","0.3151 [0.2992, 0.3316]","0.2956 [0.2805, 0.3109]","0.3151 [0.2987, 0.3344]","0.2865 [0.2699, 0.3076]",improved_brier_and_ece
ConvNeXtTiny,HRF,30,15,15,0.5,True,0.8888888888888888,0.8888888888888888,0.0,0.8333333333333334,0.8333333333333334,0.15665524437159759,0.15550142535115746,-0.0011538190204401222,0.16513825936700002,0.1825392922666667,0.017401032899666685,"0.889 [0.756, 0.982]","0.889 [0.756, 0.982]","0.1567 [0.0513, 0.2869]","0.1555 [0.0596, 0.2670]","0.1651 [0.0727, 0.3132]","0.1825 [0.1040, 0.3235]",improved_brier_only
ConvNeXtTiny,JSIEC-1000,38,0,38,0.0,False,,,,,,5.206000698711995e-08,0.00014108125851452322,0.0001410291985075361,0.00014566560665789472,0.011066648010526314,0.010920982403868419,NA,NA,NA,NA,NA,NA,not_improved
ConvNeXtTiny,LES-AV,22,11,11,0.5,True,0.9421487603305785,0.9421487603305785,0.0,0.8636363636363636,0.8636363636363636,0.14523737548416932,0.12625134434220445,-0.01898603114196487,0.17214746630454542,0.17129355820454545,-0.0008539080999999671,"0.942 [0.835, 1.000]","0.942 [0.835, 1.000]","0.1452 [0.0229, 0.2796]","0.1263 [0.0346, 0.2373]","0.1721 [0.0498, 0.3156]","0.1713 [0.0767, 0.3007]",improved_brier_and_ece
ConvNeXtTiny,OIA-ODIR-TEST-OFFLINE,453,36,417,0.07947019867549669,True,0.8820943245403677,0.8820943245403677,0.0,0.7963629096722622,0.7963629096722622,0.13169645036012415,0.11883218948888494,-0.012864260871239208,0.1433444942189227,0.12751924093377484,-0.01582525328514786,"0.882 [0.815, 0.940]","0.882 [0.816, 0.939]","0.1317 [0.1036, 0.1621]","0.1188 [0.0938, 0.1438]","0.1433 [0.1149, 0.1756]","0.1275 [0.1066, 0.1616]",improved_brier_and_ece
ConvNeXtTiny,OIA-ODIR-TEST-ONLINE,860,58,802,0.06744186046511629,True,0.9557571588270704,0.9557571588270704,0.0,0.9037965431249462,0.8976696190558088,0.11017794818571076,0.10115198502976534,-0.009025963155945421,0.12268095307016277,0.1318668557744186,0.009185902704255816,"0.956 [0.934, 0.974]","0.956 [0.935, 0.974]","0.1102 [0.0912, 0.1295]","0.1012 [0.0837, 0.1184]","0.1227 [0.1027, 0.1428]","0.1319 [0.1132, 0.1507]",improved_brier_only
ConvNeXtTiny,OIA-ODIR-TRAIN,3129,197,2932,0.06295941195270055,True,0.93622187519477,0.9362227408397448,8.656449748123407e-07,0.8642114666795936,0.856276099195989,0.1003652283068326,0.0902917427657821,-0.010073485541050503,0.10627252058102366,0.11227358937417703,0.006001068793153375,"0.936 [0.917, 0.953]","0.936 [0.917, 0.953]","0.1004 [0.0906, 0.1104]","0.0903 [0.0820, 0.0990]","0.1063 [0.0958, 0.1172]","0.1123 [0.1029, 0.1218]",improved_brier_only
ConvNeXtTiny,ORIGA,650,168,482,0.25846153846153846,True,0.817810215372456,0.817810215372456,0.0,0.6928596127247579,0.691958111045248,0.17546577859973048,0.16119878624558723,-0.014266992354143249,0.17183318551134,0.13847120537015384,-0.03336198014118616,"0.818 [0.777, 0.855]","0.818 [0.777, 0.856]","0.1755 [0.1522, 0.2003]","0.1612 [0.1397, 0.1829]","0.1718 [0.1517, 0.2014]","0.1385 [0.1199, 0.1675]",improved_brier_and_ece
ConvNeXtTiny,REFUGE1-train,400,40,360,0.1,True,0.8618055555555555,0.8618055555555555,0.0,0.8222222222222222,0.8222222222222222,0.03914162500530824,0.03656164401786702,-0.0025799809874412216,0.0401096638576225,0.028112826871000005,-0.011996836986622492,"0.862 [0.763, 0.944]","0.862 [0.767, 0.945]","0.0391 [0.0238, 0.0554]","0.0366 [0.0220, 0.0517]","0.0401 [0.0245, 0.0567]","0.0281 [0.0141, 0.0448]",improved_brier_and_ece
ConvNeXtTiny,REFUGE1-val,400,40,360,0.1,True,0.8738194444444444,0.8738194444444444,0.0,0.8222222222222222,0.8222222222222222,0.03531829454964888,0.0343094037676845,-0.0010088907819643805,0.03601226801780001,0.024628935344250005,-0.011383332673550007,"0.874 [0.784, 0.947]","0.874 [0.785, 0.949]","0.0353 [0.0214, 0.0505]","0.0343 [0.0214, 0.0482]","0.0360 [0.0222, 0.0525]","0.0246 [0.0161, 0.0445]",improved_brier_and_ece
ConvNeXtTiny,sjchoi86-HRF,401,101,300,0.2518703241895262,True,0.7906105610561055,0.7906105610561055,0.0,0.6450825082508251,0.6450825082508251,0.17678360775958324,0.16246248736671262,-0.014321120392870618,0.17426869914400256,0.14734329058902745,-0.026925408554975105,"0.791 [0.733, 0.844]","0.791 [0.732, 0.845]","0.1768 [0.1521, 0.2028]","0.1625 [0.1397, 0.1852]","0.1743 [0.1531, 0.2051]","0.1473 [0.1290, 0.1778]",improved_brier_and_ece
DenseNet121,BEH,634,171,463,0.2697160883280757,True,0.7722519040582015,0.7721192830889319,-0.00013262096926969225,0.7303436777689364,0.7369557803796749,0.18807641032389152,0.16926577658811534,-0.018810633735776183,0.18973972469236672,0.14197594721735016,-0.04776377747501656,"0.772 [0.723, 0.818]","0.772 [0.725, 0.818]","0.1881 [0.1613, 0.2164]","0.1693 [0.1446, 0.1940]","0.1897 [0.1632, 0.2212]","0.1420 [0.1185, 0.1752]",improved_brier_and_ece
DenseNet121,CRFO-v4,79,48,31,0.6075949367088608,True,0.5463709677419355,0.5463709677419355,0.0,0.5346102150537635,0.512768817204301,0.44357049182399605,0.38298604325340985,-0.0605844485705862,0.44858337014696203,0.37979821272151904,-0.068785157425443,"0.546 [0.415, 0.674]","0.546 [0.414, 0.675]","0.4436 [0.3455, 0.5426]","0.3830 [0.3006, 0.4666]","0.4486 [0.3586, 0.5664]","0.3798 [0.3020, 0.4970]",improved_brier_and_ece
DenseNet121,DR-HAGIS,10,10,0,1.0,False,,,,,,0.3807448758145337,0.3548751637805735,-0.025869712033960213,0.4108916328747999,0.4334549262,0.022563293325200073,NA,NA,NA,NA,NA,NA,improved_brier_only
DenseNet121,DRISHTI-GS1,101,70,31,0.693069306930693,True,0.8889400921658986,0.8889400921658986,0.0,0.7746543778801843,0.7656682027649769,0.225121114562221,0.19417592976109904,-0.03094518480112196,0.23260245741357927,0.18300337806435646,-0.04959907934922281,"0.889 [0.823, 0.947]","0.889 [0.817, 0.947]","0.2251 [0.1518, 0.3030]","0.1942 [0.1307, 0.2620]","0.2326 [0.1616, 0.3168]","0.1830 [0.1380, 0.2794]",improved_brier_and_ece
DenseNet121,FIVES,400,150,250,0.375,True,0.7986666666666666,0.7987466666666667,8.000000000008001e-05,0.7186666666666667,0.7293333333333334,0.2378687790636581,0.22251944851323366,-0.01534933055042445,0.24187644894354218,0.21643790289924997,-0.025438546044292215,"0.799 [0.752, 0.842]","0.799 [0.752, 0.843]","0.2379 [0.2007, 0.2762]","0.2225 [0.1875, 0.2577]","0.2419 [0.2070, 0.2839]","0.2164 [0.1848, 0.2592]",improved_brier_and_ece
DenseNet121,G1020,1020,296,724,0.2901960784313726,True,0.5111103852471256,0.5111103852471256,0.0,0.49658429147379424,0.4939805136628341,0.3211321434032635,0.2971566102142821,-0.023975533188981435,0.31635642947878867,0.28284417529946076,-0.033512254179327905,"0.511 [0.472, 0.550]","0.511 [0.472, 0.549]","0.3211 [0.3040, 0.3386]","0.2972 [0.2827, 0.3126]","0.3164 [0.3014, 0.3397]","0.2828 [0.2643, 0.3045]",improved_brier_and_ece
DenseNet121,HRF,30,15,15,0.5,True,0.8577777777777778,0.8577777777777778,0.0,0.7333333333333334,0.7666666666666666,0.23664904837070655,0.20355515512593544,-0.033093893244771105,0.23693279231436665,0.22044701296666663,-0.016485779347700014,"0.858 [0.698, 0.973]","0.858 [0.693, 0.973]","0.2366 [0.1046, 0.3786]","0.2036 [0.1014, 0.3238]","0.2369 [0.1129, 0.3952]","0.2204 [0.1365, 0.3757]",improved_brier_and_ece
DenseNet121,JSIEC-1000,38,0,38,0.0,False,,,,,,7.407269832197668e-05,0.0021580346925096456,0.002083961994187669,0.0017452684295236839,0.028150676294736835,0.02640540786521315,NA,NA,NA,NA,NA,NA,not_improved
DenseNet121,LES-AV,22,11,11,0.5,True,0.9338842975206612,0.9338842975206612,0.0,0.8181818181818182,0.8181818181818182,0.15856881499633732,0.1277943996828674,-0.030774415313469916,0.15765585152413636,0.17597363395454543,0.018317782430409074,"0.934 [0.802, 1.000]","0.934 [0.802, 1.000]","0.1586 [0.0345, 0.3156]","0.1278 [0.0306, 0.2456]","0.1577 [0.0401, 0.3292]","0.1760 [0.0743, 0.3137]",improved_brier_only
DenseNet121,OIA-ODIR-TEST-OFFLINE,453,36,417,0.07947019867549669,True,0.882560618172129,0.8825606181721289,-1.1102230246251565e-16,0.8145483613109512,0.8037569944044765,0.12442909308487052,0.11020832549486959,-0.014220767590000932,0.13896516040565,0.13155470108454748,-0.007410459321102514,"0.883 [0.808, 0.945]","0.883 [0.810, 0.947]","0.1244 [0.0966, 0.1534]","0.1102 [0.0875, 0.1344]","0.1390 [0.1097, 0.1696]","0.1316 [0.1093, 0.1599]",improved_brier_and_ece
DenseNet121,OIA-ODIR-TEST-ONLINE,860,58,802,0.06744186046511629,True,0.9426756384899819,0.9427078854587668,3.224696878489919e-05,0.8770960529710208,0.8831154871442084,0.12488840127739836,0.11147576711071627,-0.013412634166682091,0.13528300769569734,0.15303858904709305,0.01775558135139571,"0.943 [0.904, 0.973]","0.943 [0.905, 0.973]","0.1249 [0.1040, 0.1455]","0.1115 [0.0939, 0.1297]","0.1353 [0.1151, 0.1580]","0.1530 [0.1335, 0.1723]",improved_brier_only
DenseNet121,OIA-ODIR-TRAIN,3129,197,2932,0.06295941195270055,True,0.9357881870624165,0.9357916496423154,3.462579898916296e-06,0.8754977458604858,0.8737326957569547,0.10013039621426437,0.0907287432495681,-0.009401652964696264,0.10655465038042664,0.12306546189511347,0.016510811514686835,"0.936 [0.917, 0.952]","0.936 [0.918, 0.952]","0.1001 [0.0907, 0.1102]","0.0907 [0.0825, 0.0987]","0.1066 [0.0964, 0.1172]","0.1231 [0.1137, 0.1321]",improved_brier_only
DenseNet121,ORIGA,650,168,482,0.25846153846153846,True,0.8397549891325825,0.839742639794507,-1.234933807547911e-05,0.7333530922742542,0.7568909306461173,0.1613151932641312,0.1424681179375051,-0.018847075326626106,0.15602905490607383,0.10607748400369232,-0.049951570902381504,"0.840 [0.802, 0.875]","0.840 [0.800, 0.875]","0.1613 [0.1381, 0.1851]","0.1425 [0.1224, 0.1632]","0.1560 [0.1368, 0.1859]","0.1061 [0.0898, 0.1361]",improved_brier_and_ece
DenseNet121,REFUGE1-train,400,40,360,0.1,True,0.8715972222222221,0.8715972222222221,0.0,0.8208333333333333,0.8194444444444444,0.04154601524371424,0.03812422341422321,-0.003421791829491032,0.04190607487375247,0.027072031772750006,-0.014834043101002461,"0.872 [0.790, 0.944]","0.872 [0.788, 0.944]","0.0415 [0.0249, 0.0584]","0.0381 [0.0238, 0.0533]","0.0419 [0.0257, 0.0589]","0.0271 [0.0147, 0.0451]",improved_brier_and_ece
DenseNet121,REFUGE1-val,400,40,360,0.1,True,0.9220833333333334,0.9220833333333334,0.0,0.8458333333333333,0.8583333333333334,0.0355427308558439,0.03390377011647014,-0.0016389607393737585,0.039308843179318646,0.025845893276749996,-0.01346294990256865,"0.922 [0.852, 0.976]","0.922 [0.852, 0.976]","0.0355 [0.0216, 0.0517]","0.0339 [0.0207, 0.0486]","0.0393 [0.0251, 0.0559]","0.0258 [0.0160, 0.0433]",improved_brier_and_ece
DenseNet121,sjchoi86-HRF,401,101,300,0.2518703241895262,True,0.7898679867986799,0.7898679867986799,0.0,0.654884488448845,0.6713531353135314,0.1896554153406057,0.16854172445025475,-0.02111369089035095,0.19291203848491809,0.15281510938204493,-0.04009692910287316,"0.790 [0.735, 0.843]","0.790 [0.733, 0.842]","0.1897 [0.1620, 0.2177]","0.1685 [0.1446, 0.1926]","0.1929 [0.1660, 0.2224]","0.1528 [0.1321, 0.1864]",improved_brier_and_ece
EfficientNetB0,BEH,634,171,463,0.2697160883280757,True,0.7870865067636694,0.7872001818801864,0.00011367511651694251,0.7311078271633006,0.703825799199222,0.17480777401729233,0.15520938447494267,-0.01959838954234966,0.16930685595822564,0.12222258651536655,-0.047084269442859095,"0.787 [0.743, 0.829]","0.787 [0.744, 0.829]","0.1748 [0.1501, 0.2006]","0.1552 [0.1343, 0.1758]","0.1693 [0.1462, 0.1996]","0.1222 [0.1025, 0.1559]",improved_brier_and_ece
EfficientNetB0,CRFO-v4,79,48,31,0.6075949367088608,True,0.4543010752688172,0.4549731182795699,0.0006720430107526876,0.4815188172043011,0.4452284946236559,0.4962870359910483,0.4093323779428707,-0.08695465804817759,0.5089802950174106,0.36399234700554434,-0.14498794801186626,"0.454 [0.328, 0.585]","0.455 [0.331, 0.589]","0.4963 [0.4019, 0.5901]","0.4093 [0.3297, 0.4876]","0.5090 [0.4220, 0.6160]","0.3640 [0.2998, 0.4966]",improved_brier_and_ece
EfficientNetB0,DR-HAGIS,10,10,0,1.0,False,,,,,,0.3945422930996635,0.3539778530760641,-0.04056444002359938,0.439846698978534,0.4464995408000001,0.006652841821466082,NA,NA,NA,NA,NA,NA,improved_brier_only
EfficientNetB0,DRISHTI-GS1,101,70,31,0.693069306930693,True,0.8580645161290323,0.8580645161290322,-1.1102230246251565e-16,0.7960829493087558,0.7834101382488479,0.2172256324574383,0.19132959680757303,-0.025896035649865284,0.23625730658855437,0.24075038598485154,0.004493079396297173,"0.858 [0.778, 0.927]","0.858 [0.778, 0.926]","0.2172 [0.1472, 0.2908]","0.1913 [0.1345, 0.2533]","0.2363 [0.1653, 0.3169]","0.2408 [0.1883, 0.3170]",improved_brier_only
EfficientNetB0,FIVES,400,150,250,0.375,True,0.7970266666666667,0.7972533333333334,0.00022666666666670832,0.7173333333333334,0.7306666666666667,0.233237913254384,0.2109791641483701,-0.022258749106013914,0.23218682731455492,0.19604636844794343,-0.03614045886661149,"0.797 [0.753, 0.841]","0.797 [0.750, 0.841]","0.2332 [0.1955, 0.2711]","0.2110 [0.1786, 0.2452]","0.2322 [0.1977, 0.2734]","0.1960 [0.1694, 0.2419]",improved_brier_and_ece
EfficientNetB0,G1020,1020,296,724,0.2901960784313726,True,0.5198176422278633,0.5198176422278633,0.0,0.5093325369568463,0.5067660892937136,0.3112183102788793,0.2832995684190483,-0.02791874185983101,0.30517237383462037,0.2548068747737975,-0.05036549906082288,"0.520 [0.481, 0.560]","0.520 [0.482, 0.559]","0.3112 [0.2950, 0.3281]","0.2833 [0.2692, 0.2971]","0.3052 [0.2902, 0.3271]","0.2548 [0.2382, 0.2793]",improved_brier_and_ece
EfficientNetB0,HRF,30,15,15,0.5,True,0.8977777777777778,0.8977777777777778,0.0,0.8,0.7,0.1709704325983054,0.13665882663853487,-0.034311605959770536,0.19540803064803336,0.150895787,-0.044512243648033356,"0.898 [0.760, 0.982]","0.898 [0.764, 0.987]","0.1710 [0.0646, 0.2992]","0.1367 [0.0658, 0.2218]","0.1954 [0.0873, 0.3360]","0.1509 [0.0949, 0.2856]",improved_brier_and_ece
EfficientNetB0,JSIEC-1000,38,0,38,0.0,False,,,,,,7.003147539451962e-10,0.00042539660526322656,0.0004253959049484726,6.966038387193242e-06,0.010938867803026317,0.010931901764639124,NA,NA,NA,NA,NA,NA,not_improved
EfficientNetB0,LES-AV,22,11,11,0.5,True,0.9669421487603305,0.9669421487603305,0.0,0.8181818181818181,0.7727272727272727,0.09534834662011969,0.09392736309233146,-0.0014209835277882304,0.1165625717989246,0.14896550850136359,0.03240293670243899,"0.967 [0.876, 1.000]","0.967 [0.876, 1.000]","0.0953 [0.0030, 0.2263]","0.0939 [0.0229, 0.1854]","0.1166 [0.0192, 0.2338]","0.1490 [0.0705, 0.2551]",improved_brier_only
EfficientNetB0,OIA-ODIR-TEST-OFFLINE,453,36,417,0.07947019867549669,True,0.9006128430588862,0.9014788169464428,0.0008659738875566036,0.8284372501998402,0.7957633892885692,0.118381967331653,0.09796090674144467,-0.02042106059020833,0.12355886829760716,0.12190634784337226,-0.0016525204542349042,"0.901 [0.843, 0.949]","0.901 [0.844, 0.948]","0.1184 [0.0918, 0.1463]","0.0980 [0.0780, 0.1203]","0.1236 [0.0980, 0.1560]","0.1219 [0.1003, 0.1508]",improved_brier_and_ece
EfficientNetB0,OIA-ODIR-TEST-ONLINE,860,58,802,0.06744186046511629,True,0.949522744861983,0.9504256599879611,0.0009029151259781765,0.8758491701780033,0.8480952790437699,0.10840514391046564,0.09222845953184632,-0.016176684378619327,0.11502616878256024,0.12587539814458776,0.010849229362027521,"0.950 [0.928, 0.968]","0.950 [0.930, 0.968]","0.1084 [0.0897, 0.1283]","0.0922 [0.0773, 0.1073]","0.1150 [0.0966, 0.1376]","0.1259 [0.1085, 0.1440]",improved_brier_only
EfficientNetB0,OIA-ODIR-TRAIN,3129,197,2932,0.06295941195270055,True,0.9356064016177174,0.9355942825880709,-1.2119029646484591e-05,0.8563271722494996,0.8443726151480946,0.09527223675570583,0.08002054060380945,-0.01525169615189638,0.10139998649733942,0.10703894296128293,0.005638956463943509,"0.936 [0.918, 0.952]","0.936 [0.918, 0.951]","0.0953 [0.0858, 0.1051]","0.0800 [0.0728, 0.0873]","0.1014 [0.0917, 0.1121]","0.1070 [0.0985, 0.1158]",improved_brier_only
EfficientNetB0,ORIGA,650,168,482,0.25846153846153846,True,0.8403415826911678,0.8404959494171111,0.00015436672594337786,0.747369590989923,0.76417704011065,0.17686466934486583,0.14652337595713677,-0.030341293387729062,0.1795374625469217,0.10375393389455952,-0.0757835286523622,"0.840 [0.805, 0.874]","0.840 [0.804, 0.874]","0.1769 [0.1500, 0.2039]","0.1465 [0.1264, 0.1674]","0.1795 [0.1532, 0.2098]","0.1038 [0.0855, 0.1377]",improved_brier_and_ece
EfficientNetB0,REFUGE1-train,400,40,360,0.1,True,0.9147222222222221,0.9147222222222222,1.1102230246251565e-16,0.8374999999999999,0.8305555555555555,0.04202817536691125,0.04075760660810496,-0.0012705687588062953,0.04427938429712021,0.042584062211314506,-0.001695322085805702,"0.915 [0.856, 0.963]","0.915 [0.855, 0.963]","0.0420 [0.0262, 0.0590]","0.0408 [0.0275, 0.0555]","0.0443 [0.0286, 0.0626]","0.0426 [0.0340, 0.0654]",improved_brier_and_ece
EfficientNetB0,REFUGE1-val,400,40,360,0.1,True,0.9012499999999999,0.9012499999999999,0.0,0.8097222222222222,0.8374999999999999,0.045353853519040636,0.041203190360227085,-0.0041506631588135515,0.048056911512722886,0.03830887720731967,-0.009748034305403212,"0.901 [0.838, 0.958]","0.901 [0.836, 0.955]","0.0454 [0.0299, 0.0614]","0.0412 [0.0282, 0.0554]","0.0481 [0.0328, 0.0639]","0.0383 [0.0260, 0.0562]",improved_brier_and_ece
EfficientNetB0,sjchoi86-HRF,401,101,300,0.2518703241895262,True,0.8187458745874587,0.8187458745874587,0.0,0.6911551155115512,0.7452640264026402,0.170311219576271,0.1479753465913633,-0.02233587298490769,0.17027483210406785,0.13699045097772974,-0.03328438112633811,"0.819 [0.766, 0.867]","0.819 [0.767, 0.868]","0.1703 [0.1447, 0.1957]","0.1480 [0.1258, 0.1699]","0.1703 [0.1482, 0.2007]","0.1370 [0.1180, 0.1685]",improved_brier_and_ece
SwinTiny,BEH,634,171,463,0.2697160883280757,True,0.806234448612532,0.8062218180440301,-1.2630568501870165e-05,0.7325035049827593,0.7360084877420332,0.17572076593077696,0.1617960861375658,-0.013924679793211159,0.17636376721538086,0.1427348681994795,-0.03362889901590135,"0.806 [0.762, 0.847]","0.806 [0.763, 0.847]","0.1757 [0.1495, 0.2025]","0.1618 [0.1375, 0.1858]","0.1764 [0.1506, 0.2061]","0.1427 [0.1206, 0.1757]",improved_brier_and_ece
SwinTiny,CRFO-v4,79,48,31,0.6075949367088608,True,0.553763440860215,0.553763440860215,0.0,0.5403225806451613,0.512768817204301,0.4613189820217202,0.4224975672271025,-0.038821414794617704,0.4744297115207723,0.44658819405822786,-0.02784151746254443,"0.554 [0.423, 0.679]","0.554 [0.427, 0.679]","0.4613 [0.3643, 0.5596]","0.4225 [0.3347, 0.5108]","0.4744 [0.3855, 0.5819]","0.4466 [0.3613, 0.5533]",improved_brier_and_ece
SwinTiny,DR-HAGIS,10,10,0,1.0,False,,,,,,0.4085631971107495,0.38992987173176996,-0.01863332537897955,0.4416593258377,0.46796765436,0.026308328522299973,NA,NA,NA,NA,NA,NA,improved_brier_only
SwinTiny,DRISHTI-GS1,101,70,31,0.693069306930693,True,0.9064516129032258,0.9064516129032258,0.0,0.8283410138248848,0.81036866359447,0.17833920669718373,0.16571194682230095,-0.012627259874882779,0.18231325947316873,0.1623952839030693,-0.019917975570099444,"0.906 [0.843, 0.959]","0.906 [0.843, 0.959]","0.1783 [0.1105, 0.2533]","0.1657 [0.1053, 0.2284]","0.1823 [0.1184, 0.2638]","0.1624 [0.1201, 0.2474]",improved_brier_and_ece
SwinTiny,FIVES,400,150,250,0.375,True,0.80212,0.8020799999999999,-4.0000000000151026e-05,0.702,0.7193333333333334,0.2545028170055743,0.22975975653433836,-0.02474306047123595,0.25903515333597205,0.22648574228075002,-0.03254941105522202,"0.802 [0.759, 0.845]","0.802 [0.754, 0.846]","0.2545 [0.2166, 0.2928]","0.2298 [0.1948, 0.2660]","0.2590 [0.2213, 0.2997]","0.2265 [0.1944, 0.2705]",improved_brier_and_ece
SwinTiny,G1020,1020,296,724,0.2901960784313726,True,0.4976925302374197,0.4976948633716589,2.333134239196344e-06,0.4952124085411378,0.4975268777064357,0.3199556112113116,0.2956197917311323,-0.02433581948017932,0.3204485352438246,0.27993003201990196,-0.04051850322392264,"0.498 [0.459, 0.537]","0.498 [0.459, 0.537]","0.3200 [0.3027, 0.3381]","0.2956 [0.2801, 0.3110]","0.3204 [0.3014, 0.3416]","0.2799 [0.2589, 0.3017]",improved_brier_and_ece
SwinTiny,HRF,30,15,15,0.5,True,0.8622222222222221,0.8622222222222221,0.0,0.8,0.7666666666666666,0.16331537515727923,0.16727223574239847,0.003956860585119237,0.21472673781606663,0.2014152816466666,-0.013311456169400021,"0.862 [0.698, 0.978]","0.862 [0.707, 0.982]","0.1633 [0.0628, 0.2811]","0.1673 [0.0748, 0.2702]","0.2147 [0.1124, 0.3330]","0.2014 [0.1161, 0.3238]",improved_ece_only
SwinTiny,JSIEC-1000,38,0,38,0.0,False,,,,,,3.3479217501036378e-09,8.027314677217614e-05,8.026979885042604e-05,4.171684773684211e-05,0.008145493621052635,0.008103776773315793,NA,NA,NA,NA,NA,NA,not_improved
SwinTiny,LES-AV,22,11,11,0.5,True,0.9338842975206612,0.9338842975206612,0.0,0.8181818181818182,0.8181818181818181,0.15404993774005887,0.1282052412531412,-0.025844696486917673,0.18415357224999543,0.13981555416363634,-0.04433801808635909,"0.934 [0.802, 1.000]","0.934 [0.810, 1.000]","0.1540 [0.0395, 0.2968]","0.1282 [0.0356, 0.2427]","0.1842 [0.0576, 0.3410]","0.1398 [0.0560, 0.2874]",improved_brier_and_ece
SwinTiny,OIA-ODIR-TEST-OFFLINE,453,36,417,0.07947019867549669,True,0.8775646149746869,0.8775646149746869,0.0,0.7778776978417266,0.787669864108713,0.14774348615056762,0.12837088675508557,-0.019372599395482054,0.15841867765290463,0.14780091899470196,-0.010617758658202664,"0.878 [0.805, 0.936]","0.878 [0.807, 0.936]","0.1477 [0.1181, 0.1782]","0.1284 [0.1029, 0.1535]","0.1584 [0.1287, 0.1933]","0.1478 [0.1241, 0.1801]",improved_brier_and_ece
SwinTiny,OIA-ODIR-TEST-ONLINE,860,58,802,0.06744186046511629,True,0.9503934130191762,0.9504041620087712,1.0748989594966396e-05,0.883846418436667,0.8743873075930862,0.11432206236907724,0.1041479025669269,-0.010174159802150348,0.12729402492583178,0.13978320660558136,0.012489181679749578,"0.950 [0.923, 0.971]","0.950 [0.924, 0.972]","0.1143 [0.0953, 0.1345]","0.1041 [0.0870, 0.1218]","0.1273 [0.1081, 0.1494]","0.1398 [0.1219, 0.1595]",improved_brier_only
SwinTiny,OIA-ODIR-TRAIN,3129,197,2932,0.06295941195270055,True,0.9417195864294569,0.9417213177194064,1.7312899495136591e-06,0.8844164860354153,0.8787092887168371,0.09816496207424613,0.08835461707404671,-0.009810345000199422,0.10586368268663998,0.11915415412173219,0.01329047143509221,"0.942 [0.924, 0.957]","0.942 [0.924, 0.957]","0.0982 [0.0887, 0.1078]","0.0884 [0.0803, 0.0967]","0.1059 [0.0956, 0.1162]","0.1192 [0.1102, 0.1285]",improved_brier_only
SwinTiny,ORIGA,650,168,482,0.25846153846153846,True,0.8488132286109463,0.8488194032799842,6.1746690378505775e-06,0.7512966804979253,0.7587803793716656,0.16429757620164445,0.15108291202671603,-0.01321466417492842,0.15847095526123767,0.12311127667353847,-0.0353596785876992,"0.849 [0.815, 0.882]","0.849 [0.814, 0.880]","0.1643 [0.1394, 0.1893]","0.1511 [0.1299, 0.1741]","0.1585 [0.1373, 0.1896]","0.1231 [0.1066, 0.1566]",improved_brier_and_ece
SwinTiny,REFUGE1-train,400,40,360,0.1,True,0.8917361111111111,0.8917361111111111,0.0,0.8333333333333334,0.8430555555555556,0.03739754869128545,0.03569833867326634,-0.0016992100180191066,0.03851955767557501,0.023178457693750005,-0.015341099981825004,"0.892 [0.820, 0.954]","0.892 [0.819, 0.956]","0.0374 [0.0230, 0.0531]","0.0357 [0.0220, 0.0506]","0.0385 [0.0242, 0.0554]","0.0232 [0.0131, 0.0417]",improved_brier_and_ece
SwinTiny,REFUGE1-val,400,40,360,0.1,True,0.942986111111111,0.942986111111111,0.0,0.8458333333333333,0.8430555555555556,0.033136282222344215,0.03063727511150482,-0.0024990071108393942,0.03552217160339894,0.02707525111525001,-0.008446920488148931,"0.943 [0.888, 0.985]","0.943 [0.887, 0.985]","0.0331 [0.0196, 0.0476]","0.0306 [0.0179, 0.0440]","0.0355 [0.0216, 0.0508]","0.0271 [0.0155, 0.0423]",improved_brier_and_ece
SwinTiny,sjchoi86-HRF,401,101,300,0.2518703241895262,True,0.8657755775577558,0.8657755775577558,0.0,0.6928217821782178,0.7323267326732674,0.15617348512900706,0.1403341990903646,-0.01583928603864246,0.16063822134708103,0.1289230187042394,-0.03171520264284164,"0.866 [0.822, 0.907]","0.866 [0.821, 0.906]","0.1562 [0.1311, 0.1817]","0.1403 [0.1178, 0.1622]","0.1606 [0.1386, 0.1913]","0.1289 [0.1104, 0.1603]",improved_brier_and_ece
