threshold,criterion,n_cross_split_pairs,n_same_patient_pairs,n_same_label_pairs,n_distinct_patient_pairs,n_mixed_label_pairs,n_unique_images_in_pairs,median_thumb_corr64,median_thumb_rmse64
0,dhash_only,3,0,3,3,0,5,0.9318030476570129,0.369315505027771
0,consensus_min_hash_and_at_least_two_hashes_le_10,12,0,10,12,2,21,0.947200208902359,0.3249436765909195
1,dhash_only,29,0,27,29,2,41,0.9420152902603149,0.3405425548553467
1,consensus_min_hash_and_at_least_two_hashes_le_10,97,0,73,97,24,111,0.946295976638794,0.32773181796073914
2,dhash_only,142,0,123,142,19,99,0.9232189655303955,0.39186857640743256
2,consensus_min_hash_and_at_least_two_hashes_le_10,374,0,276,374,98,257,0.9402535557746887,0.3456772416830063
4,dhash_only,842,0,640,842,202,290,0.9136120080947876,0.41566339135169983
4,consensus_min_hash_and_at_least_two_hashes_le_10,1602,0,1111,1602,491,503,0.9340335726737976,0.36322568356990814
6,dhash_only,2921,0,2105,2921,816,533,0.8979867696762085,0.45169296860694885
6,consensus_min_hash_and_at_least_two_hashes_le_10,3642,0,2504,3642,1138,624,0.9243247509002686,0.38903799653053284
8,dhash_only,7450,0,5255,7450,2195,682,0.8852211534976959,0.4791218638420105
8,consensus_min_hash_and_at_least_two_hashes_le_10,5873,0,4038,5873,1835,693,0.9155220985412598,0.41104212403297424
10,dhash_only,15016,0,10393,15016,4623,740,0.8724929988384247,0.5049891769886017
10,consensus_min_hash_and_at_least_two_hashes_le_10,7006,0,4824,7006,2182,715,0.9113306105136871,0.42111602425575256
12,dhash_only,26347,0,17738,26347,8609,747,0.8585381507873535,0.5319058299064636
12,consensus_min_hash_and_at_least_two_hashes_le_10,7006,0,4824,7006,2182,715,0.9113306105136871,0.42111602425575256
