policy,types,type_expanded,smdg_locked_label_policy_status,smdg_locked_label_name,smdg_label_confidence_tier,smdg_label_policy_sensitivity_flag,n_rows,n_sources,n_fundus_existing,n_primary_external_eligible,n_training_overlap_reference_eligible,n_native_anatomical_eligible,fraction_all_smdg,manuscript_use
source_policy_1,-1,Glaucoma Suspect,excluded_ambiguous_or_suspect,ambiguous_or_suspect,excluded_ambiguous_or_suspect,False,68,1,68,0,0,0,0.0054622861273997,Methods: SMDG label harmonization and source-level external audit.
source_policy_2,-1,,excluded_ambiguous_or_suspect,ambiguous_or_suspect,excluded_ambiguous_or_suspect,False,65,4,65,0,0,0,0.0052213029158968,Methods: SMDG label harmonization and source-level external audit.
source_policy_3,0,,included_binary_negative,non_glaucoma_control,negative_numeric_label_accepted_missing_expanded_text,True,5480,12,5480,5480,0,1234,0.440195999678689,Methods: SMDG label harmonization and source-level external audit.
source_policy_4,0,Healthy,included_binary_negative,non_glaucoma_control,negative_healthy_high_confidence,False,2019,5,2019,1686,0,553,0.1621817013414732,Methods: SMDG label harmonization and source-level external audit.
source_policy_5,0,Unknown Glaucoma,included_binary_negative,non_glaucoma_control,negative_numeric_label_accepted_unknown_text_flagged,True,50,1,50,50,0,0,0.0040163868583822,Methods: SMDG label harmonization and source-level external audit.
source_policy_6,1,Referable Glaucoma,included_binary_positive,glaucoma_or_referable_glaucoma,positive_referable_glaucoma_high_confidence,False,3269,1,3269,0,3269,0,0.2625913728010282,Methods: SMDG label harmonization and source-level external audit.
source_policy_7,1,Unknown Glaucoma,included_binary_positive,glaucoma_or_referable_glaucoma,positive_numeric_label_accepted_unknown_subtype_flagged,True,1004,7,1004,1004,0,474,0.0806490481163145,Methods: SMDG label harmonization and source-level external audit.
source_policy_8,1,,included_binary_positive,glaucoma_or_referable_glaucoma,positive_numeric_label_accepted_missing_expanded_text,True,327,6,327,327,0,0,0.0262671700538195,Methods: SMDG label harmonization and source-level external audit.
source_policy_9,1,POAG or NTG,included_binary_positive,glaucoma_or_referable_glaucoma,positive_clinical_glaucoma_high_confidence,False,80,2,80,80,0,80,0.0064262189734115,Methods: SMDG label harmonization and source-level external audit.
source_policy_10,1,Simple Chronic,included_binary_positive,glaucoma_or_referable_glaucoma,positive_clinical_glaucoma_high_confidence,False,32,1,32,0,0,0,0.0025704875893646,Methods: SMDG label harmonization and source-level external audit.
source_policy_11,1,Moderate Simple Chronic,included_binary_positive,glaucoma_or_referable_glaucoma,positive_clinical_glaucoma_high_confidence,False,19,1,19,0,0,0,0.0015262270061852,Methods: SMDG label harmonization and source-level external audit.
source_policy_12,1,Mild Simple Chronic,included_binary_positive,glaucoma_or_referable_glaucoma,positive_clinical_glaucoma_high_confidence,False,18,1,18,0,0,0,0.0014458992690175,Methods: SMDG label harmonization and source-level external audit.
source_policy_13,1,Severe Simple Chronic,included_binary_positive,glaucoma_or_referable_glaucoma,positive_clinical_glaucoma_high_confidence,False,18,1,18,0,0,0,0.0014458992690175,Methods: SMDG label harmonization and source-level external audit.
