endpoint,comparison,metric,level,stratum_type,stratum_label,n_units,n_positive_units,positive_unit_fraction,mean_delta,median_delta,std_delta,ci95_low,ci95_high,support_status,model_name,gon_label,quality_group
saliency_sanity,original_minus_randomized_classifier_head,original_minus_randomized_classifier_head,image,overall,overall,745,350,0.4697986577181208,-0.0008912023895220105,-0.0005482751876114,0.0164531607891455,-0.0019922677097836622,0.0002717999598845812,not_supported,ConvNeXtTiny,,
saliency_sanity,original_minus_randomized_classifier_head,original_minus_randomized_classifier_head,image,overall,overall,745,690,0.9261744966442953,0.01844514242124168,0.016886806115507996,0.014772820105974464,0.01741546753559463,0.01947513942406048,supported,EfficientNetB0,,
saliency_sanity,original_minus_randomized_classifier_head,original_minus_randomized_classifier_head,patient,overall,overall,288,129,0.4479166666666667,-0.0012409686017370548,-0.0013149268925189764,0.01221244257788416,-0.0027481068877355463,0.0002021583828266812,not_supported,ConvNeXtTiny,,
saliency_sanity,original_minus_randomized_classifier_head,original_minus_randomized_classifier_head,patient,overall,overall,288,280,0.9722222222222222,0.01919984200612022,0.018270631351818646,0.012289356451089634,0.01781390541166708,0.02062680453619223,supported,EfficientNetB0,,
saliency_sanity,original_minus_randomized_classifier_head,original_minus_randomized_classifier_head,image,label,gon_label=GON+,547,271,0.4954296160877514,-0.0003381645466776472,-3.2268464565304855e-05,0.016896761568543205,-0.001734095608321901,0.0011831595694137172,not_supported,ConvNeXtTiny,GON+,
saliency_sanity,original_minus_randomized_classifier_head,original_minus_randomized_classifier_head,image,label,gon_label=GON-,198,79,0.398989898989899,-0.0024190392583900242,-0.002381287515163453,0.015095776445242088,-0.0044637182696147405,-0.00042561870250578494,not_supported,ConvNeXtTiny,GON-,
saliency_sanity,original_minus_randomized_classifier_head,original_minus_randomized_classifier_head,image,label,gon_label=GON+,547,504,0.9213893967093236,0.018549563088916136,0.01683996245265,0.015291482125701835,0.01727561166599931,0.01974945027070377,supported,EfficientNetB0,GON+,
saliency_sanity,original_minus_randomized_classifier_head,original_minus_randomized_classifier_head,image,label,gon_label=GON-,198,186,0.9393939393939394,0.018156667142363275,0.017089868430048248,0.013266965057014538,0.016342954345828276,0.02006864546656471,supported,EfficientNetB0,GON-,
saliency_sanity,original_minus_randomized_classifier_head,original_minus_randomized_classifier_head,patient,label,gon_label=GON+,186,91,0.489247311827957,-0.0005262394977462695,-0.00025646260473877625,0.012515702168373676,-0.0022631286244135145,0.001319479944031049,not_supported,ConvNeXtTiny,GON+,
saliency_sanity,original_minus_randomized_classifier_head,original_minus_randomized_classifier_head,patient,label,gon_label=GON-,102,38,0.37254901960784315,-0.002544298144308486,-0.0026766695082187653,0.011585694165500862,-0.004766925933017176,-0.0003069923453914097,not_supported,ConvNeXtTiny,GON-,
saliency_sanity,original_minus_randomized_classifier_head,original_minus_randomized_classifier_head,patient,label,gon_label=GON+,186,182,0.978494623655914,0.01950347846459059,0.018438623473048227,0.012614269340796371,0.017679332733087704,0.02131341321114675,supported,EfficientNetB0,GON+,
saliency_sanity,original_minus_randomized_classifier_head,original_minus_randomized_classifier_head,patient,label,gon_label=GON-,102,98,0.9607843137254902,0.018646151993615433,0.018112962910284594,0.011714227998111311,0.016492062344185744,0.020960798806838418,supported,EfficientNetB0,GON-,
saliency_sanity,original_minus_randomized_classifier_head,original_minus_randomized_classifier_head,image,quality,quality_group=high,247,125,0.5060728744939271,0.0001288430443832941,5.594454705712404e-05,0.017364053486920716,-0.0020240863701371037,0.002166100629091144,directional_only,ConvNeXtTiny,,high
saliency_sanity,original_minus_randomized_classifier_head,original_minus_randomized_classifier_head,image,quality,quality_group=low,247,113,0.4574898785425101,-0.0019502881160269857,-0.0005875900387763977,0.016242992951417835,-0.0040242369727397495,4.05266687749037e-05,not_supported,ConvNeXtTiny,,low
saliency_sanity,original_minus_randomized_classifier_head,original_minus_randomized_classifier_head,image,quality,quality_group=medium,251,112,0.44621513944223107,-0.0008527842529797057,-0.0011800304055213928,0.015722124597654267,-0.0026899980036465287,0.0010523291128403257,not_supported,ConvNeXtTiny,,medium
saliency_sanity,original_minus_randomized_classifier_head,original_minus_randomized_classifier_head,image,quality,quality_group=high,247,234,0.9473684210526315,0.019696998182280736,0.0184173732995987,0.013706295936984714,0.01803043851559851,0.021406872213032446,supported,EfficientNetB0,,high
saliency_sanity,original_minus_randomized_classifier_head,original_minus_randomized_classifier_head,image,quality,quality_group=low,247,219,0.8866396761133604,0.01777946333842057,0.015761572867631902,0.016136626997162905,0.015819525792591483,0.019874175242808177,supported,EfficientNetB0,,low
saliency_sanity,original_minus_randomized_classifier_head,original_minus_randomized_classifier_head,image,quality,quality_group=medium,251,237,0.9442231075697212,0.017868307204031198,0.016487630084157,0.014355122004804228,0.01608887858780085,0.019679264984844045,supported,EfficientNetB0,,medium
saliency_sanity,original_minus_randomized_classifier_head,original_minus_randomized_classifier_head,patient,quality,quality_group=high,139,61,0.43884892086330934,-0.00132743563802859,-0.0007854420691728592,0.015720162014404834,-0.004048969819286124,0.0013673206133723598,not_supported,ConvNeXtTiny,,high
saliency_sanity,original_minus_randomized_classifier_head,original_minus_randomized_classifier_head,patient,quality,quality_group=low,159,69,0.4339622641509434,-0.0014902475336859425,-0.0008985437452793121,0.013738381477343327,-0.003595274970598271,0.0006488312409645935,not_supported,ConvNeXtTiny,,low
saliency_sanity,original_minus_randomized_classifier_head,original_minus_randomized_classifier_head,patient,quality,quality_group=medium,160,66,0.4125,-0.0016858720051732231,-0.0016380161978304247,0.012662730524539645,-0.0037419134816031293,0.00022010505909482025,not_supported,ConvNeXtTiny,,medium
saliency_sanity,original_minus_randomized_classifier_head,original_minus_randomized_classifier_head,patient,quality,quality_group=high,139,132,0.9496402877697842,0.019501173027910965,0.01896887901239095,0.012646541580176583,0.01749014197747995,0.021606151829251533,supported,EfficientNetB0,,high
saliency_sanity,original_minus_randomized_classifier_head,original_minus_randomized_classifier_head,patient,quality,quality_group=low,159,148,0.9308176100628931,0.01864538596292852,0.017958800308406353,0.013934993383803374,0.0164947240338812,0.02071127067084777,supported,EfficientNetB0,,low
saliency_sanity,original_minus_randomized_classifier_head,original_minus_randomized_classifier_head,patient,quality,quality_group=medium,160,154,0.9625,0.018655194019846322,0.018361065536737452,0.01369934404326162,0.016532662548388463,0.020866942148040524,supported,EfficientNetB0,,medium
saliency_sanity,original_minus_randomized_classifier_head,original_minus_randomized_classifier_head,image,label_quality,gon_label=GON+ | quality_group=high,181,96,0.5303867403314917,0.0011535755690516532,0.0004299003630877096,0.01845761518712726,-0.0014370214322051878,0.003845333883208246,directional_only,ConvNeXtTiny,GON+,high
saliency_sanity,original_minus_randomized_classifier_head,original_minus_randomized_classifier_head,image,label_quality,gon_label=GON+ | quality_group=low,194,97,0.5,-0.0007055974397424256,1.0165385901941826e-05,0.01595462170261216,-0.0029639834651517065,0.001474142798340222,not_supported,ConvNeXtTiny,GON+,low
saliency_sanity,original_minus_randomized_classifier_head,original_minus_randomized_classifier_head,image,label_quality,gon_label=GON+ | quality_group=medium,172,78,0.45348837209302323,-0.001493530707680185,-0.0009077209979295453,0.01618127449432615,-0.003885899885756577,0.000986688930424865,not_supported,ConvNeXtTiny,GON+,medium
saliency_sanity,original_minus_randomized_classifier_head,original_minus_randomized_classifier_head,image,label_quality,gon_label=GON- | quality_group=high,66,29,0.4393939393939394,-0.0026814082732678117,-0.001996204257011403,0.013664781646904343,-0.005922665125311175,0.00043769232874954847,not_supported,ConvNeXtTiny,GON-,high
saliency_sanity,original_minus_randomized_classifier_head,original_minus_randomized_classifier_head,image,label_quality,gon_label=GON- | quality_group=low,53,16,0.3018867924528302,-0.006506325685823301,-0.004436627030372602,0.016626278358812103,-0.01125638144231349,-0.0024944897890442344,not_supported,ConvNeXtTiny,GON-,low
saliency_sanity,original_minus_randomized_classifier_head,original_minus_randomized_classifier_head,image,label_quality,gon_label=GON- | quality_group=medium,79,34,0.43037974683544306,0.0005422586610517172,-0.0014868248254061023,0.01467528282535526,-0.002656205501289493,0.0037986748761945415,directional_only,ConvNeXtTiny,GON-,medium
saliency_sanity,original_minus_randomized_classifier_head,original_minus_randomized_classifier_head,image,label_quality,gon_label=GON+ | quality_group=high,181,173,0.9558011049723757,0.020194203268031678,0.018306056037545197,0.014051595312122075,0.018210996383848054,0.022171445891006395,supported,EfficientNetB0,GON+,high
saliency_sanity,original_minus_randomized_classifier_head,original_minus_randomized_classifier_head,image,label_quality,gon_label=GON+ | quality_group=low,194,170,0.8762886597938144,0.01733557098141881,0.015640821307897602,0.016472435528847886,0.015145480467820271,0.019762637078601233,supported,EfficientNetB0,GON+,low
saliency_sanity,original_minus_randomized_classifier_head,original_minus_randomized_classifier_head,image,label_quality,gon_label=GON+ | quality_group=medium,172,161,0.936046511627907,0.018188136324000834,0.01675835251808165,0.015094933715117814,0.015796065770929235,0.020475121139624696,supported,EfficientNetB0,GON+,medium
saliency_sanity,original_minus_randomized_classifier_head,original_minus_randomized_classifier_head,image,label_quality,gon_label=GON- | quality_group=high,66,61,0.9242424242424242,0.018333450901660726,0.01847538072615865,0.012713536435484897,0.01542486719157419,0.021460790213490274,supported,EfficientNetB0,GON-,high
saliency_sanity,original_minus_randomized_classifier_head,original_minus_randomized_classifier_head,image,label_quality,gon_label=GON- | quality_group=low,53,49,0.9245283018867925,0.019404276871596852,0.0174836851656436,0.014877147170859846,0.01554945271708209,0.02356179676914832,supported,EfficientNetB0,GON-,low
saliency_sanity,original_minus_randomized_classifier_head,original_minus_randomized_classifier_head,image,label_quality,gon_label=GON- | quality_group=medium,79,76,0.9620253164556962,0.017171970385869463,0.0161012429744005,0.012658194343912039,0.014471656975595723,0.020080206357532077,supported,EfficientNetB0,GON-,medium
saliency_sanity,original_minus_randomized_classifier_head,original_minus_randomized_classifier_head,patient,label_quality,gon_label=GON+ | quality_group=high,91,45,0.4945054945054945,-0.0002854567687641195,-5.115941166886073e-05,0.017274925270489287,-0.0036505160530619345,0.003244562601220108,not_supported,ConvNeXtTiny,GON+,high
saliency_sanity,original_minus_randomized_classifier_head,original_minus_randomized_classifier_head,patient,label_quality,gon_label=GON+ | quality_group=low,116,57,0.49137931034482757,0.00027075836651733825,-0.00015952931717035101,0.013744602167347826,-0.0021232958127317633,0.002702917882057994,directional_only,ConvNeXtTiny,GON+,low
saliency_sanity,original_minus_randomized_classifier_head,original_minus_randomized_classifier_head,patient,label_quality,gon_label=GON+ | quality_group=medium,105,46,0.4380952380952381,-0.001927221222131121,-0.0010143648833036006,0.013035479707508318,-0.004273936456142569,0.0006055209408733639,not_supported,ConvNeXtTiny,GON+,medium
saliency_sanity,original_minus_randomized_classifier_head,original_minus_randomized_classifier_head,patient,label_quality,gon_label=GON- | quality_group=high,48,16,0.3333333333333333,-0.0033028539110091493,-0.002942027524113641,0.012168024394265408,-0.00687032783524854,2.0801740619285477e-05,not_supported,ConvNeXtTiny,GON-,high
saliency_sanity,original_minus_randomized_classifier_head,original_minus_randomized_classifier_head,patient,label_quality,gon_label=GON- | quality_group=low,43,12,0.27906976744186046,-0.006240868101676187,-0.004768632352352115,0.012692442612130986,-0.01002680463987121,-0.002752775996571485,not_supported,ConvNeXtTiny,GON-,low
saliency_sanity,original_minus_randomized_classifier_head,original_minus_randomized_classifier_head,patient,label_quality,gon_label=GON- | quality_group=medium,55,20,0.36363636363636365,-0.0012251144091626914,-0.0017892075702547472,0.012022320096151637,-0.004326375591441642,0.0020572896958258257,not_supported,ConvNeXtTiny,GON-,medium
saliency_sanity,original_minus_randomized_classifier_head,original_minus_randomized_classifier_head,patient,label_quality,gon_label=GON+ | quality_group=high,91,89,0.978021978021978,0.020225367061086536,0.019288603216409704,0.012454645403650292,0.017698218498863535,0.02274891401952791,supported,EfficientNetB0,GON+,high
saliency_sanity,original_minus_randomized_classifier_head,original_minus_randomized_classifier_head,patient,label_quality,gon_label=GON+ | quality_group=low,116,108,0.9310344827586207,0.01794701243052259,0.0170996577944606,0.013516215893151419,0.015549145140484421,0.020312878890709023,supported,EfficientNetB0,GON+,low
saliency_sanity,original_minus_randomized_classifier_head,original_minus_randomized_classifier_head,patient,label_quality,gon_label=GON+ | quality_group=medium,105,102,0.9714285714285714,0.019559875257469855,0.017942627271016438,0.014625890949566076,0.016923439287547394,0.02240864682833056,supported,EfficientNetB0,GON+,medium
saliency_sanity,original_minus_randomized_classifier_head,original_minus_randomized_classifier_head,patient,label_quality,gon_label=GON- | quality_group=high,48,43,0.8958333333333334,0.018128221840015613,0.01805838756263255,0.01302386458216314,0.014469983464126313,0.0218675474875555,supported,EfficientNetB0,GON-,high
saliency_sanity,original_minus_randomized_classifier_head,original_minus_randomized_classifier_head,patient,label_quality,gon_label=GON- | quality_group=low,43,40,0.9302325581395349,0.02052937037593055,0.0188050493597984,0.015010113714787823,0.016534111893811612,0.025046326177801136,supported,EfficientNetB0,GON-,low
saliency_sanity,original_minus_randomized_classifier_head,original_minus_randomized_classifier_head,patient,label_quality,gon_label=GON- | quality_group=medium,55,52,0.9454545454545454,0.01692807529347412,0.0193932373076677,0.011660727274703006,0.013886337823756603,0.01982251482267835,supported,EfficientNetB0,GON-,medium
saliency_sanity,original_minus_randomized_last_block_plus_head,original_minus_randomized_last_block_plus_head,image,overall,overall,745,682,0.9154362416107382,0.040900670093618606,0.032352651469409494,0.04009632702170253,0.03806163383092873,0.04393715050584799,supported,ConvNeXtTiny,,
saliency_sanity,original_minus_randomized_last_block_plus_head,original_minus_randomized_last_block_plus_head,image,overall,overall,745,711,0.9543624161073826,0.0297508488737762,0.027867745608091302,0.019713437799555176,0.028394140388153223,0.031162169071798414,supported,EfficientNetB0,,
saliency_sanity,original_minus_randomized_last_block_plus_head,original_minus_randomized_last_block_plus_head,patient,overall,overall,288,276,0.9583333333333334,0.0394017188860917,0.034338322390491754,0.0326417638525153,0.03558799285702975,0.04334870180620995,supported,ConvNeXtTiny,,
saliency_sanity,original_minus_randomized_last_block_plus_head,original_minus_randomized_last_block_plus_head,patient,overall,overall,288,282,0.9791666666666666,0.0309177798949669,0.03038465115241705,0.017122615080278847,0.028989718170327663,0.0328434316617717,supported,EfficientNetB0,,
saliency_sanity,original_minus_randomized_last_block_plus_head,original_minus_randomized_last_block_plus_head,image,label,gon_label=GON+,547,508,0.9287020109689214,0.04249954924316842,0.033427830785512896,0.041516579620449835,0.03905730435522669,0.04594945324516418,supported,ConvNeXtTiny,GON+,
saliency_sanity,original_minus_randomized_last_block_plus_head,original_minus_randomized_last_block_plus_head,image,label,gon_label=GON-,198,174,0.8787878787878788,0.03648356456430676,0.03070216346532105,0.035607760314855255,0.0316360760244542,0.041339042441504346,supported,ConvNeXtTiny,GON-,
saliency_sanity,original_minus_randomized_last_block_plus_head,original_minus_randomized_last_block_plus_head,image,label,gon_label=GON+,547,518,0.946983546617916,0.029442932552981915,0.027393037453293804,0.02023551365474098,0.0277679211843458,0.03118568900265624,supported,EfficientNetB0,GON+,
saliency_sanity,original_minus_randomized_last_block_plus_head,original_minus_randomized_last_block_plus_head,image,label,gon_label=GON-,198,193,0.9747474747474747,0.030601506588293772,0.02875051461160185,0.01821528932072678,0.028187542138362467,0.03309450685775674,supported,EfficientNetB0,GON-,
saliency_sanity,original_minus_randomized_last_block_plus_head,original_minus_randomized_last_block_plus_head,patient,label,gon_label=GON+,186,177,0.9516129032258065,0.04174976599267504,0.03594558024778963,0.03538724650051485,0.036701347315622156,0.047317542254453636,supported,ConvNeXtTiny,GON+,
saliency_sanity,original_minus_randomized_last_block_plus_head,original_minus_randomized_last_block_plus_head,patient,label,gon_label=GON-,102,99,0.9705882352941176,0.035119985927027975,0.026743201461310193,0.026556696135502007,0.03028666733104378,0.04026952733371277,supported,ConvNeXtTiny,GON-,
saliency_sanity,original_minus_randomized_last_block_plus_head,original_minus_randomized_last_block_plus_head,patient,label,gon_label=GON+,186,182,0.978494623655914,0.030737395532355435,0.030435913708060952,0.017637933878403015,0.02818014145692439,0.033294229106318,supported,EfficientNetB0,GON+,
saliency_sanity,original_minus_randomized_last_block_plus_head,original_minus_randomized_last_block_plus_head,patient,label,gon_label=GON-,102,100,0.9803921568627451,0.031246716085611338,0.029881199821829747,0.01622057511136793,0.028055360614266146,0.0345084801312171,supported,EfficientNetB0,GON-,
saliency_sanity,original_minus_randomized_last_block_plus_head,original_minus_randomized_last_block_plus_head,image,quality,quality_group=high,247,226,0.9149797570850202,0.0443638089232652,0.0366332186385989,0.04259827908897065,0.039081955474161795,0.0499669549042672,supported,ConvNeXtTiny,,high
saliency_sanity,original_minus_randomized_last_block_plus_head,original_minus_randomized_last_block_plus_head,image,quality,quality_group=low,247,227,0.9190283400809717,0.0410301406417223,0.0320933535695076,0.038782919655023465,0.0361945141709423,0.04581460023689111,supported,ConvNeXtTiny,,low
saliency_sanity,original_minus_randomized_last_block_plus_head,original_minus_randomized_last_block_plus_head,image,quality,quality_group=medium,251,229,0.9123505976095617,0.03736531345495598,0.027920744381844997,0.03865899444133282,0.03254188064174922,0.04229205704674002,supported,ConvNeXtTiny,,medium
saliency_sanity,original_minus_randomized_last_block_plus_head,original_minus_randomized_last_block_plus_head,image,quality,quality_group=high,247,236,0.9554655870445344,0.030017582640506153,0.028577938675880397,0.018270590546005158,0.027772377449008102,0.0322557757349839,supported,EfficientNetB0,,high
saliency_sanity,original_minus_randomized_last_block_plus_head,original_minus_randomized_last_block_plus_head,image,quality,quality_group=low,247,233,0.9433198380566802,0.028973134609715987,0.0270825773477555,0.021689521174906277,0.026282876627453714,0.03170524365673978,supported,EfficientNetB0,,low
saliency_sanity,original_minus_randomized_last_block_plus_head,original_minus_randomized_last_block_plus_head,image,quality,quality_group=medium,251,242,0.9641434262948207,0.030253686255611173,0.0281944461166857,0.0190847707972566,0.027830376406191498,0.03269350214306095,supported,EfficientNetB0,,medium
saliency_sanity,original_minus_randomized_last_block_plus_head,original_minus_randomized_last_block_plus_head,patient,quality,quality_group=high,139,131,0.9424460431654677,0.041992466448479676,0.03623532876372339,0.034188582275811966,0.0363935661414193,0.04789631911485144,supported,ConvNeXtTiny,,high
saliency_sanity,original_minus_randomized_last_block_plus_head,original_minus_randomized_last_block_plus_head,patient,quality,quality_group=low,159,149,0.9371069182389937,0.04123873191517612,0.03509755960355204,0.036305218098774815,0.03549147792102425,0.046978324751826776,supported,ConvNeXtTiny,,low
saliency_sanity,original_minus_randomized_last_block_plus_head,original_minus_randomized_last_block_plus_head,patient,quality,quality_group=medium,160,144,0.9,0.037029285720739914,0.03130584815517065,0.03888821203747346,0.03135543348456895,0.043082354928648925,supported,ConvNeXtTiny,,medium
saliency_sanity,original_minus_randomized_last_block_plus_head,original_minus_randomized_last_block_plus_head,patient,quality,quality_group=high,139,135,0.9712230215827338,0.030556069254689802,0.029624406248330997,0.017523555830391512,0.027738445494969212,0.03359649500975774,supported,EfficientNetB0,,high
saliency_sanity,original_minus_randomized_last_block_plus_head,original_minus_randomized_last_block_plus_head,patient,quality,quality_group=low,159,155,0.9748427672955975,0.030594797218042688,0.028765203431248703,0.019373939841137926,0.027582560537292133,0.03367926916324255,supported,EfficientNetB0,,low
saliency_sanity,original_minus_randomized_last_block_plus_head,original_minus_randomized_last_block_plus_head,patient,quality,quality_group=medium,160,156,0.975,0.03079396526309359,0.028858267702162252,0.018232973111005024,0.027968709948288692,0.03367702942248529,supported,EfficientNetB0,,medium
saliency_sanity,original_minus_randomized_last_block_plus_head,original_minus_randomized_last_block_plus_head,image,label_quality,gon_label=GON+ | quality_group=high,181,169,0.9337016574585635,0.045428860869557074,0.0366753619164229,0.04533921421676792,0.03890257993686008,0.05219593869917126,supported,ConvNeXtTiny,GON+,high
saliency_sanity,original_minus_randomized_last_block_plus_head,original_minus_randomized_last_block_plus_head,image,label_quality,gon_label=GON+ | quality_group=low,194,182,0.9381443298969072,0.044319273047053166,0.03368372935801746,0.04037906584324345,0.038768794122284046,0.04969177277939942,supported,ConvNeXtTiny,GON+,low
saliency_sanity,original_minus_randomized_last_block_plus_head,original_minus_randomized_last_block_plus_head,image,label_quality,gon_label=GON+ | quality_group=medium,172,157,0.9127906976744186,0.03736448050869175,0.028125348500907407,0.038210903695478804,0.03182878333859979,0.04298789517960421,supported,ConvNeXtTiny,GON+,medium
saliency_sanity,original_minus_randomized_last_block_plus_head,original_minus_randomized_last_block_plus_head,image,label_quality,gon_label=GON- | quality_group=high,66,57,0.8636363636363636,0.041442984646313234,0.03623304236680265,0.0341062896659802,0.03353321188319982,0.04964953646637944,supported,ConvNeXtTiny,GON-,high
saliency_sanity,original_minus_randomized_last_block_plus_head,original_minus_randomized_last_block_plus_head,image,label_quality,gon_label=GON- | quality_group=low,53,45,0.8490566037735849,0.028990674856171583,0.02519470266997821,0.029596873137463287,0.021158995764343224,0.036676920532745315,supported,ConvNeXtTiny,GON-,low
saliency_sanity,original_minus_randomized_last_block_plus_head,original_minus_randomized_last_block_plus_head,image,label_quality,gon_label=GON- | quality_group=medium,79,72,0.9113924050632911,0.037367126958214834,0.025705034844577306,0.03986466719351872,0.02888754713220104,0.04627660831701397,supported,ConvNeXtTiny,GON-,medium
saliency_sanity,original_minus_randomized_last_block_plus_head,original_minus_randomized_last_block_plus_head,image,label_quality,gon_label=GON+ | quality_group=high,181,173,0.9558011049723757,0.029927240682377322,0.028577938675880397,0.018278370967926193,0.02723264526780009,0.03257812386300978,supported,EfficientNetB0,GON+,high
saliency_sanity,original_minus_randomized_last_block_plus_head,original_minus_randomized_last_block_plus_head,image,label_quality,gon_label=GON+ | quality_group=low,194,180,0.9278350515463918,0.028443183949140364,0.0256288107484578,0.02236330005504817,0.025149791815123716,0.031518712972852456,supported,EfficientNetB0,GON+,low
saliency_sanity,original_minus_randomized_last_block_plus_head,original_minus_randomized_last_block_plus_head,image,label_quality,gon_label=GON+ | quality_group=medium,172,165,0.9593023255813954,0.030060906144404525,0.02702298527583475,0.019736784195506517,0.027197793216015072,0.0331701192003133,supported,EfficientNetB0,GON+,medium
saliency_sanity,original_minus_randomized_last_block_plus_head,original_minus_randomized_last_block_plus_head,image,label_quality,gon_label=GON- | quality_group=high,66,63,0.9545454545454546,0.03026533861658671,0.02995495591312645,0.018386885428402073,0.02590352563164543,0.03477023820151132,supported,EfficientNetB0,GON-,high
saliency_sanity,original_minus_randomized_last_block_plus_head,original_minus_randomized_last_block_plus_head,image,label_quality,gon_label=GON- | quality_group=low,53,53,1.0,0.030912954008804127,0.028765203431248703,0.01909014809436109,0.025761541579234923,0.03653966453066969,supported,EfficientNetB0,GON-,low
saliency_sanity,original_minus_randomized_last_block_plus_head,original_minus_randomized_last_block_plus_head,image,label_quality,gon_label=GON- | quality_group=medium,79,77,0.9746835443037974,0.030673410042035762,0.028735825791955,0.01769592100146292,0.026915772651952857,0.0347263633753939,supported,EfficientNetB0,GON-,medium
saliency_sanity,original_minus_randomized_last_block_plus_head,original_minus_randomized_last_block_plus_head,patient,label_quality,gon_label=GON+ | quality_group=high,91,87,0.9560439560439561,0.04311318407586324,0.0383158158510924,0.03585461144061043,0.0362524378195049,0.05090233823279633,supported,ConvNeXtTiny,GON+,high
saliency_sanity,original_minus_randomized_last_block_plus_head,original_minus_randomized_last_block_plus_head,patient,label_quality,gon_label=GON+ | quality_group=low,116,111,0.9568965517241379,0.04528606306726713,0.03870019968599083,0.03796029046130353,0.03859666340197598,0.052482023379610235,supported,ConvNeXtTiny,GON+,low
saliency_sanity,original_minus_randomized_last_block_plus_head,original_minus_randomized_last_block_plus_head,patient,label_quality,gon_label=GON+ | quality_group=medium,105,94,0.8952380952380953,0.03809878728083624,0.03474894911050799,0.040349951023465294,0.03120770434513438,0.0461995505331535,supported,ConvNeXtTiny,GON+,medium
saliency_sanity,original_minus_randomized_last_block_plus_head,original_minus_randomized_last_block_plus_head,patient,label_quality,gon_label=GON- | quality_group=high,48,44,0.9166666666666666,0.03986777261323166,0.0339937405660749,0.03103594175635158,0.03168436333362479,0.049130330820803966,supported,ConvNeXtTiny,GON-,high
saliency_sanity,original_minus_randomized_last_block_plus_head,original_minus_randomized_last_block_plus_head,patient,label_quality,gon_label=GON- | quality_group=low,43,38,0.8837209302325582,0.030320350202558525,0.02519470266997821,0.029079325570624096,0.022426043786338636,0.03893662664625078,supported,ConvNeXtTiny,GON-,low
saliency_sanity,original_minus_randomized_last_block_plus_head,original_minus_randomized_last_block_plus_head,patient,label_quality,gon_label=GON- | quality_group=medium,55,50,0.9090909090909091,0.03498751001510148,0.027493152146538066,0.036204377298672784,0.025725896178981078,0.04533173885671809,supported,ConvNeXtTiny,GON-,medium
saliency_sanity,original_minus_randomized_last_block_plus_head,original_minus_randomized_last_block_plus_head,patient,label_quality,gon_label=GON+ | quality_group=high,91,89,0.978021978021978,0.030439303319440704,0.029117146506905552,0.016659035215134364,0.02715086790054537,0.03397922641854669,supported,EfficientNetB0,GON+,high
saliency_sanity,original_minus_randomized_last_block_plus_head,original_minus_randomized_last_block_plus_head,patient,label_quality,gon_label=GON+ | quality_group=low,116,112,0.9655172413793104,0.03000513107580098,0.028125154785811825,0.0195864635601297,0.026220759245160208,0.033689700578809045,supported,EfficientNetB0,GON+,low
saliency_sanity,original_minus_randomized_last_block_plus_head,original_minus_randomized_last_block_plus_head,patient,label_quality,gon_label=GON+ | quality_group=medium,105,103,0.9809523809523809,0.030999936193871255,0.02855231395612157,0.01883365500083025,0.027496989839017133,0.03471096276728837,supported,EfficientNetB0,GON+,medium
saliency_sanity,original_minus_randomized_last_block_plus_head,original_minus_randomized_last_block_plus_head,patient,label_quality,gon_label=GON- | quality_group=high,48,46,0.9583333333333334,0.0307774380069329,0.030957466689869685,0.019238507168350672,0.025520952413959647,0.03604109747579456,supported,EfficientNetB0,GON-,high
saliency_sanity,original_minus_randomized_last_block_plus_head,original_minus_randomized_last_block_plus_head,patient,label_quality,gon_label=GON- | quality_group=low,43,43,1.0,0.03218552448548544,0.0304799936711788,0.018922578866366804,0.026957138738226704,0.03769234077799193,supported,EfficientNetB0,GON-,low
saliency_sanity,original_minus_randomized_last_block_plus_head,original_minus_randomized_last_block_plus_head,patient,label_quality,gon_label=GON- | quality_group=medium,55,53,0.9636363636363636,0.03040074803160895,0.031893877312540994,0.01718942780344772,0.025816239881484432,0.03496582531327887,supported,EfficientNetB0,GON-,medium
