endpoint,comparison,metric,level,stratum_type,stratum_label,n_units,n_positive_units,positive_unit_fraction,mean_delta,median_delta,std_delta,ci95_low,ci95_high,support_status,model_name,curve_type,gon_label,quality_group
deletion_insertion_auc,auc_saliency_guided_minus_matched_random,saliency_guided_minus_matched_random,image,overall,overall,745,629,0.8442953020134228,0.19200550441093367,0.15620644870323291,0.17093819696571041,0.17944950198047652,0.20413077339212288,supported,ConvNeXtTiny,deletion,,
deletion_insertion_auc,auc_saliency_guided_minus_matched_random,saliency_guided_minus_matched_random,image,overall,overall,745,638,0.8563758389261745,0.2525245416661099,0.29619034044444564,0.17881082726932898,0.23989412500573062,0.2652452419801224,supported,ConvNeXtTiny,insertion,,
deletion_insertion_auc,auc_saliency_guided_minus_matched_random,saliency_guided_minus_matched_random,image,overall,overall,745,339,0.45503355704697984,0.011233234241394469,-0.0074259408749639995,0.11788213395778067,0.0029185726323056496,0.01998177199130238,supported,EfficientNetB0,deletion,,
deletion_insertion_auc,auc_saliency_guided_minus_matched_random,saliency_guided_minus_matched_random,image,overall,overall,745,432,0.5798657718120805,0.04705229603418193,0.03345376178622239,0.13505838633118564,0.03744542561070085,0.056475251097812935,supported,EfficientNetB0,insertion,,
deletion_insertion_auc,auc_saliency_guided_minus_matched_random,saliency_guided_minus_matched_random,patient,overall,overall,288,260,0.9027777777777778,0.18193832656401113,0.16194069257277682,0.14513491511840954,0.16613578174216073,0.19902266264714755,supported,ConvNeXtTiny,deletion,,
deletion_insertion_auc,auc_saliency_guided_minus_matched_random,saliency_guided_minus_matched_random,patient,overall,overall,288,264,0.9166666666666666,0.24103554756868834,0.2577927004944649,0.14835112085937832,0.22430167478122828,0.25867902002797627,supported,ConvNeXtTiny,insertion,,
deletion_insertion_auc,auc_saliency_guided_minus_matched_random,saliency_guided_minus_matched_random,patient,overall,overall,288,130,0.4513888888888889,0.0010463469192263132,-0.009215638293164798,0.0928282462836785,-0.009234570706731069,0.011765773993083591,directional_only,EfficientNetB0,deletion,,
deletion_insertion_auc,auc_saliency_guided_minus_matched_random,saliency_guided_minus_matched_random,patient,overall,overall,288,174,0.6041666666666666,0.03756419706285739,0.026445724815130217,0.11011436742530398,0.024713701722105883,0.05006128493966747,supported,EfficientNetB0,insertion,,
deletion_insertion_auc,auc_saliency_guided_minus_matched_random,saliency_guided_minus_matched_random,image,label,gon_label=GON+,547,471,0.8610603290676416,0.20901235650660904,0.19490342466160654,0.17535767814630027,0.19419461347063693,0.2230369812314485,supported,ConvNeXtTiny,deletion,GON+,
deletion_insertion_auc,auc_saliency_guided_minus_matched_random,saliency_guided_minus_matched_random,image,label,gon_label=GON-,198,158,0.797979797979798,0.14502192816682022,0.09126036797297275,0.1486764313208328,0.12629518143685553,0.16649866636650326,supported,ConvNeXtTiny,deletion,GON-,
deletion_insertion_auc,auc_saliency_guided_minus_matched_random,saliency_guided_minus_matched_random,image,label,gon_label=GON+,547,482,0.8811700182815356,0.27241908418469796,0.3266136618331075,0.1744064341202468,0.2580983778094099,0.2862606355362617,supported,ConvNeXtTiny,insertion,GON+,
deletion_insertion_auc,auc_saliency_guided_minus_matched_random,saliency_guided_minus_matched_random,image,label,gon_label=GON-,198,156,0.7878787878787878,0.19756335602132358,0.1531870543025433,0.1797563010089787,0.17253484557995014,0.22260887223954523,supported,ConvNeXtTiny,insertion,GON-,
deletion_insertion_auc,auc_saliency_guided_minus_matched_random,saliency_guided_minus_matched_random,image,label,gon_label=GON+,547,271,0.4954296160877514,0.021257212734111724,-0.0005976907309162005,0.1285827659018227,0.010731563187426888,0.03179007423610201,supported,EfficientNetB0,deletion,GON+,
deletion_insertion_auc,auc_saliency_guided_minus_matched_random,saliency_guided_minus_matched_random,image,label,gon_label=GON-,198,68,0.3434343434343434,-0.016459271998587027,-0.01175403820329845,0.07488268177674631,-0.02655548340804487,-0.006519509149316245,not_supported,EfficientNetB0,deletion,GON-,
deletion_insertion_auc,auc_saliency_guided_minus_matched_random,saliency_guided_minus_matched_random,image,label,gon_label=GON+,547,352,0.643510054844607,0.0621592696706644,0.06868328896816821,0.13853695402766714,0.05053641493972917,0.07352952575008276,supported,EfficientNetB0,insertion,GON+,
deletion_insertion_auc,auc_saliency_guided_minus_matched_random,saliency_guided_minus_matched_random,image,label,gon_label=GON-,198,80,0.40404040404040403,0.0053173739172328515,-0.01795090152299965,0.11537445330242256,-0.010494775372745202,0.021736998146725552,directional_only,EfficientNetB0,insertion,GON-,
deletion_insertion_auc,auc_saliency_guided_minus_matched_random,saliency_guided_minus_matched_random,patient,label,gon_label=GON+,186,171,0.9193548387096774,0.19960602359435164,0.19076554629330839,0.14761895488398294,0.17896436866973128,0.22117950685792523,supported,ConvNeXtTiny,deletion,GON+,
deletion_insertion_auc,auc_saliency_guided_minus_matched_random,saliency_guided_minus_matched_random,patient,label,gon_label=GON-,102,89,0.8725490196078431,0.14972076139103724,0.11375807261404891,0.13534246429257576,0.12461302519012943,0.17442668697553457,supported,ConvNeXtTiny,deletion,GON-,
deletion_insertion_auc,auc_saliency_guided_minus_matched_random,saliency_guided_minus_matched_random,patient,label,gon_label=GON+,186,177,0.9516129032258065,0.26387922951599113,0.2724959626409691,0.1367764274652012,0.2437628243613545,0.2826643143885011,supported,ConvNeXtTiny,insertion,GON+,
deletion_insertion_auc,auc_saliency_guided_minus_matched_random,saliency_guided_minus_matched_random,patient,label,gon_label=GON-,102,87,0.8529411764705882,0.19937942166478323,0.21491482548881322,0.15986738349980906,0.16932469159624644,0.2307725189694499,supported,ConvNeXtTiny,insertion,GON-,
deletion_insertion_auc,auc_saliency_guided_minus_matched_random,saliency_guided_minus_matched_random,patient,label,gon_label=GON+,186,97,0.521505376344086,0.01110002233989605,0.00781721931319531,0.10297430785536647,-0.003976489593866354,0.02473118553419567,directional_only,EfficientNetB0,deletion,GON+,
deletion_insertion_auc,auc_saliency_guided_minus_matched_random,saliency_guided_minus_matched_random,patient,label,gon_label=GON-,102,33,0.3235294117647059,-0.01728682590670086,-0.01665115239391095,0.06736438326963014,-0.030040754895655858,-0.004240019076388309,not_supported,EfficientNetB0,deletion,GON-,
deletion_insertion_auc,auc_saliency_guided_minus_matched_random,saliency_guided_minus_matched_random,patient,label,gon_label=GON+,186,131,0.7043010752688172,0.05474578195107014,0.06209124987689393,0.10962829803885711,0.03880943656812828,0.07046040198184242,supported,EfficientNetB0,insertion,GON+,
deletion_insertion_auc,auc_saliency_guided_minus_matched_random,saliency_guided_minus_matched_random,patient,label,gon_label=GON-,102,43,0.4215686274509804,0.006233071678469446,-0.0119721580648685,0.10443112878101292,-0.012568359617771602,0.02694870807863106,directional_only,EfficientNetB0,insertion,GON-,
deletion_insertion_auc,auc_saliency_guided_minus_matched_random,saliency_guided_minus_matched_random,image,quality,quality_group=high,247,224,0.9068825910931174,0.2350194702836841,0.2631647658534347,0.1695017863784632,0.21315811444275495,0.25502138083172493,supported,ConvNeXtTiny,deletion,,high
deletion_insertion_auc,auc_saliency_guided_minus_matched_random,saliency_guided_minus_matched_random,image,quality,quality_group=low,247,191,0.7732793522267206,0.16065572884892046,0.09836587209574632,0.1672669304000655,0.13968921420666683,0.18188321948022457,supported,ConvNeXtTiny,deletion,,low
deletion_insertion_auc,auc_saliency_guided_minus_matched_random,saliency_guided_minus_matched_random,image,quality,quality_group=medium,251,214,0.852589641434263,0.1805271976111244,0.12757510268129407,0.1680038581195948,0.16135664826752183,0.20135686373839404,supported,ConvNeXtTiny,deletion,,medium
deletion_insertion_auc,auc_saliency_guided_minus_matched_random,saliency_guided_minus_matched_random,image,quality,quality_group=high,247,221,0.8947368421052632,0.273797474650583,0.3266136618331075,0.1707310365569106,0.2531369298983206,0.2946247562692091,supported,ConvNeXtTiny,insertion,,high
deletion_insertion_auc,auc_saliency_guided_minus_matched_random,saliency_guided_minus_matched_random,image,quality,quality_group=low,247,208,0.8421052631578947,0.23950745988318728,0.25568370255641637,0.18420053748780946,0.21701713917319856,0.2628701988748306,supported,ConvNeXtTiny,insertion,,low
deletion_insertion_auc,auc_saliency_guided_minus_matched_random,saliency_guided_minus_matched_random,image,quality,quality_group=medium,251,209,0.8326693227091634,0.2444002578143848,0.25154133117757743,0.18000591097995639,0.22266791695503405,0.26655755599711245,supported,ConvNeXtTiny,insertion,,medium
deletion_insertion_auc,auc_saliency_guided_minus_matched_random,saliency_guided_minus_matched_random,image,quality,quality_group=high,247,127,0.5141700404858299,0.030181189730600508,0.0026833806397916996,0.11355284239059538,0.01613722612548407,0.04434892050162276,supported,EfficientNetB0,deletion,,high
deletion_insertion_auc,auc_saliency_guided_minus_matched_random,saliency_guided_minus_matched_random,image,quality,quality_group=low,247,102,0.41295546558704455,-0.0010770402585824712,-0.016406984999775887,0.1163275400461645,-0.015317769792730035,0.012919240604593952,not_supported,EfficientNetB0,deletion,,low
deletion_insertion_auc,auc_saliency_guided_minus_matched_random,saliency_guided_minus_matched_random,image,quality,quality_group=medium,251,110,0.43824701195219123,0.0047013330288861585,-0.0073534902647668,0.1216728533693432,-0.011327053411317614,0.020257766183987284,directional_only,EfficientNetB0,deletion,,medium
deletion_insertion_auc,auc_saliency_guided_minus_matched_random,saliency_guided_minus_matched_random,image,quality,quality_group=high,247,156,0.631578947368421,0.07874644831920839,0.0678839057683944,0.1263586994710963,0.06299404660520021,0.09425446805658154,supported,EfficientNetB0,insertion,,high
deletion_insertion_auc,auc_saliency_guided_minus_matched_random,saliency_guided_minus_matched_random,image,quality,quality_group=low,247,133,0.5384615384615384,0.02430673149550797,0.019961205124854997,0.1469263563781142,0.005983643548722751,0.04202935007906867,supported,EfficientNetB0,insertion,,low
deletion_insertion_auc,auc_saliency_guided_minus_matched_random,saliency_guided_minus_matched_random,image,quality,quality_group=medium,251,143,0.5697211155378487,0.03824631526386691,0.021830243989825276,0.12549915811510853,0.02285811932363013,0.053426991746956275,supported,EfficientNetB0,insertion,,medium
deletion_insertion_auc,auc_saliency_guided_minus_matched_random,saliency_guided_minus_matched_random,patient,quality,quality_group=high,139,131,0.9424460431654677,0.22815196571570417,0.24634380985335153,0.15449249113136346,0.20131008711170348,0.25374389567952604,supported,ConvNeXtTiny,deletion,,high
deletion_insertion_auc,auc_saliency_guided_minus_matched_random,saliency_guided_minus_matched_random,patient,quality,quality_group=low,159,125,0.7861635220125787,0.1639174934754117,0.12771473868051544,0.15756913507337889,0.1397379674469755,0.18940205259256115,supported,ConvNeXtTiny,deletion,,low
deletion_insertion_auc,auc_saliency_guided_minus_matched_random,saliency_guided_minus_matched_random,patient,quality,quality_group=medium,160,141,0.88125,0.17340119034445234,0.1241712789284066,0.15547682252981507,0.14941514005685627,0.19805155516334252,supported,ConvNeXtTiny,deletion,,medium
deletion_insertion_auc,auc_saliency_guided_minus_matched_random,saliency_guided_minus_matched_random,patient,quality,quality_group=high,139,131,0.9424460431654677,0.26533751960575597,0.27668281993828714,0.14969950406442334,0.2396027752250168,0.2900095631342784,supported,ConvNeXtTiny,insertion,,high
deletion_insertion_auc,auc_saliency_guided_minus_matched_random,saliency_guided_minus_matched_random,patient,quality,quality_group=low,159,138,0.8679245283018868,0.23230827248582944,0.25086713575292374,0.16714742687155176,0.20667836326991434,0.2579694047587015,supported,ConvNeXtTiny,insertion,,low
deletion_insertion_auc,auc_saliency_guided_minus_matched_random,saliency_guided_minus_matched_random,patient,quality,quality_group=medium,160,139,0.86875,0.23995239586467534,0.23369640095625077,0.1652018359366261,0.21318417760906647,0.2660543504684957,supported,ConvNeXtTiny,insertion,,medium
deletion_insertion_auc,auc_saliency_guided_minus_matched_random,saliency_guided_minus_matched_random,patient,quality,quality_group=high,139,71,0.5107913669064749,0.02971163462880281,0.007839218990193408,0.10263116737766116,0.01198921167355503,0.04719073760735816,supported,EfficientNetB0,deletion,,high
deletion_insertion_auc,auc_saliency_guided_minus_matched_random,saliency_guided_minus_matched_random,patient,quality,quality_group=low,159,67,0.42138364779874216,-0.0044451980927984166,-0.0180580591782927,0.10522143728920309,-0.021867187078829335,0.012615149489265643,not_supported,EfficientNetB0,deletion,,low
deletion_insertion_auc,auc_saliency_guided_minus_matched_random,saliency_guided_minus_matched_random,patient,quality,quality_group=medium,160,70,0.4375,-0.00295825650016715,-0.007263187155330706,0.10220207645494053,-0.018914638877941356,0.012837251015974452,not_supported,EfficientNetB0,deletion,,medium
deletion_insertion_auc,auc_saliency_guided_minus_matched_random,saliency_guided_minus_matched_random,patient,quality,quality_group=high,139,90,0.6474820143884892,0.07521926116136968,0.06004035603255031,0.11469875638678753,0.05620115078941974,0.09515048553568534,supported,EfficientNetB0,insertion,,high
deletion_insertion_auc,auc_saliency_guided_minus_matched_random,saliency_guided_minus_matched_random,patient,quality,quality_group=low,159,89,0.559748427672956,0.01900766535142926,0.023834263832054697,0.13105756201668373,-0.0016634259154265027,0.03801980821031695,directional_only,EfficientNetB0,insertion,,low
deletion_insertion_auc,auc_saliency_guided_minus_matched_random,saliency_guided_minus_matched_random,patient,quality,quality_group=medium,160,90,0.5625,0.037072433364642,0.02870589753147216,0.11550340556002901,0.01906794427912446,0.05521040266148072,supported,EfficientNetB0,insertion,,medium
deletion_insertion_auc,auc_saliency_guided_minus_matched_random,saliency_guided_minus_matched_random,image,label_quality,gon_label=GON+ | quality_group=high,181,163,0.9005524861878453,0.2515115557350845,0.3037073449697346,0.17215373529354927,0.2256671216081229,0.27772585129208616,supported,ConvNeXtTiny,deletion,GON+,high
deletion_insertion_auc,auc_saliency_guided_minus_matched_random,saliency_guided_minus_matched_random,image,label_quality,gon_label=GON+ | quality_group=low,194,156,0.8041237113402062,0.17367874501090452,0.11527654943056406,0.17039632821517572,0.15019917037306535,0.19698219330302896,supported,ConvNeXtTiny,deletion,GON+,low
deletion_insertion_auc,auc_saliency_guided_minus_matched_random,saliency_guided_minus_matched_random,image,label_quality,gon_label=GON+ | quality_group=medium,172,152,0.8837209302325582,0.20414238888924058,0.15347014537182985,0.17568730546104738,0.1770055635735307,0.23095730256121902,supported,ConvNeXtTiny,deletion,GON+,medium
deletion_insertion_auc,auc_saliency_guided_minus_matched_random,saliency_guided_minus_matched_random,image,label_quality,gon_label=GON- | quality_group=high,66,61,0.9242424242424242,0.18979117533363163,0.172995494317729,0.15436756489066442,0.15271946441455694,0.22683777245861564,supported,ConvNeXtTiny,deletion,GON-,high
deletion_insertion_auc,auc_saliency_guided_minus_matched_random,saliency_guided_minus_matched_random,image,label_quality,gon_label=GON- | quality_group=low,53,35,0.660377358490566,0.11298657535033718,0.0156612604856491,0.14712433082942106,0.07768185618071473,0.15343097564759234,supported,ConvNeXtTiny,deletion,GON-,low
deletion_insertion_auc,auc_saliency_guided_minus_matched_random,saliency_guided_minus_matched_random,image,label_quality,gon_label=GON- | quality_group=medium,79,62,0.7848101265822784,0.12911184444864365,0.07315663462504751,0.13744337025680167,0.10041692488464946,0.15806193470220103,supported,ConvNeXtTiny,deletion,GON-,medium
deletion_insertion_auc,auc_saliency_guided_minus_matched_random,saliency_guided_minus_matched_random,image,label_quality,gon_label=GON+ | quality_group=high,181,164,0.9060773480662984,0.28557732502962435,0.3424159929621965,0.16530276768267863,0.2610998540426997,0.3092981446418002,supported,ConvNeXtTiny,insertion,GON+,high
deletion_insertion_auc,auc_saliency_guided_minus_matched_random,saliency_guided_minus_matched_random,image,label_quality,gon_label=GON+ | quality_group=low,194,171,0.8814432989690721,0.26402984819316544,0.3205242178635671,0.17981651523235115,0.23903228621290856,0.2903648769353665,supported,ConvNeXtTiny,insertion,GON+,low
deletion_insertion_auc,auc_saliency_guided_minus_matched_random,saliency_guided_minus_matched_random,image,label_quality,gon_label=GON+ | quality_group=medium,172,147,0.8546511627906976,0.2680346085418237,0.3143010262865573,0.17771708235684952,0.2407948091672524,0.2940689081110712,supported,ConvNeXtTiny,insertion,GON+,medium
deletion_insertion_auc,auc_saliency_guided_minus_matched_random,saliency_guided_minus_matched_random,image,label_quality,gon_label=GON- | quality_group=high,66,57,0.8636363636363636,0.2414921273989696,0.2263629316119477,0.1822161894411268,0.19808272900075302,0.2825997681357185,supported,ConvNeXtTiny,insertion,GON-,high
deletion_insertion_auc,auc_saliency_guided_minus_matched_random,saliency_guided_minus_matched_random,image,label_quality,gon_label=GON- | quality_group=low,53,37,0.6981132075471698,0.14974626493722956,0.0618261955154593,0.173349132581528,0.10411500269467534,0.19754090492905454,supported,ConvNeXtTiny,insertion,GON-,low
deletion_insertion_auc,auc_saliency_guided_minus_matched_random,saliency_guided_minus_matched_random,image,label_quality,gon_label=GON- | quality_group=medium,79,62,0.7848101265822784,0.192943190407809,0.1360948486253619,0.17521131765651243,0.15392645733275073,0.23292472653024238,supported,ConvNeXtTiny,insertion,GON-,medium
deletion_insertion_auc,auc_saliency_guided_minus_matched_random,saliency_guided_minus_matched_random,image,label_quality,gon_label=GON+ | quality_group=high,181,104,0.574585635359116,0.04293640260999574,0.023312509147217497,0.1220067776331743,0.025362759932023613,0.05988936641227021,supported,EfficientNetB0,deletion,GON+,high
deletion_insertion_auc,auc_saliency_guided_minus_matched_random,saliency_guided_minus_matched_random,image,label_quality,gon_label=GON+ | quality_group=low,194,87,0.4484536082474227,0.00730260389286393,-0.009092489998147308,0.1233424444440263,-0.008960520485139772,0.024554470375943077,directional_only,EfficientNetB0,deletion,GON+,low
deletion_insertion_auc,auc_saliency_guided_minus_matched_random,saliency_guided_minus_matched_random,image,label_quality,gon_label=GON+ | quality_group=medium,172,80,0.46511627906976744,0.014183147313571393,-0.006970322970141149,0.1385019560008782,-0.006379199820128708,0.03531787986861298,directional_only,EfficientNetB0,deletion,GON+,medium
deletion_insertion_auc,auc_saliency_guided_minus_matched_random,saliency_guided_minus_matched_random,image,label_quality,gon_label=GON- | quality_group=high,66,23,0.3484848484848485,-0.004799015287134914,-0.01007192259490795,0.07669729503419331,-0.021914559295522083,0.013698142648489923,not_supported,EfficientNetB0,deletion,GON-,high
deletion_insertion_auc,auc_saliency_guided_minus_matched_random,saliency_guided_minus_matched_random,image,label_quality,gon_label=GON- | quality_group=low,53,15,0.2830188679245283,-0.031749699982744774,-0.0292437904339749,0.07957001409426058,-0.053037494767086774,-0.010619031106722568,not_supported,EfficientNetB0,deletion,GON-,low
deletion_insertion_auc,auc_saliency_guided_minus_matched_random,saliency_guided_minus_matched_random,image,label_quality,gon_label=GON- | quality_group=medium,79,30,0.379746835443038,-0.01594261705928929,-0.008483930847796695,0.06903010713478862,-0.030503324865306665,-0.000948170931012275,not_supported,EfficientNetB0,deletion,GON-,medium
deletion_insertion_auc,auc_saliency_guided_minus_matched_random,saliency_guided_minus_matched_random,image,label_quality,gon_label=GON+ | quality_group=high,181,127,0.7016574585635359,0.09721190161245866,0.0938582122325897,0.12593095982467606,0.07962184298385225,0.11634690492382625,supported,EfficientNetB0,insertion,GON+,high
deletion_insertion_auc,auc_saliency_guided_minus_matched_random,saliency_guided_minus_matched_random,image,label_quality,gon_label=GON+ | quality_group=low,194,120,0.6185567010309279,0.04250399330622599,0.04723409563302991,0.14867551051817915,0.021084598955201567,0.06333437999370621,supported,EfficientNetB0,insertion,GON+,low
deletion_insertion_auc,auc_saliency_guided_minus_matched_random,saliency_guided_minus_matched_random,image,label_quality,gon_label=GON+ | quality_group=medium,172,105,0.6104651162790697,0.047441811724363785,0.03448402076028284,0.13297764524685263,0.026912589281973338,0.06726777727227734,supported,EfficientNetB0,insertion,GON+,medium
deletion_insertion_auc,auc_saliency_guided_minus_matched_random,saliency_guided_minus_matched_random,image,label_quality,gon_label=GON- | quality_group=high,66,29,0.4393939393939394,0.028106341560446276,-0.0087568921875429,0.11383166381862886,0.0018337578335580554,0.057340065167363514,supported,EfficientNetB0,insertion,GON-,high
deletion_insertion_auc,auc_saliency_guided_minus_matched_random,saliency_guided_minus_matched_random,image,label_quality,gon_label=GON- | quality_group=low,53,13,0.24528301886792453,-0.04230211362296933,-0.05498150270432241,0.11969112063554178,-0.0732061961757729,-0.008262041543167757,not_supported,EfficientNetB0,insertion,GON-,low
deletion_insertion_auc,auc_saliency_guided_minus_matched_random,saliency_guided_minus_matched_random,image,label_quality,gon_label=GON- | quality_group=medium,79,38,0.4810126582278481,0.018225740691645877,-0.0094275721930899,0.10545983163919319,-0.003920749201014094,0.04278876758584991,directional_only,EfficientNetB0,insertion,GON-,medium
deletion_insertion_auc,auc_saliency_guided_minus_matched_random,saliency_guided_minus_matched_random,patient,label_quality,gon_label=GON+ | quality_group=high,91,87,0.9560439560439561,0.251178109921578,0.28948250005487364,0.15641883767003512,0.21776180077986657,0.28233328810900343,supported,ConvNeXtTiny,deletion,GON+,high
deletion_insertion_auc,auc_saliency_guided_minus_matched_random,saliency_guided_minus_matched_random,patient,label_quality,gon_label=GON+ | quality_group=low,116,96,0.8275862068965517,0.1814233096642956,0.16161318911860384,0.1593711665602646,0.15499461504176162,0.21024373954316916,supported,ConvNeXtTiny,deletion,GON+,low
deletion_insertion_auc,auc_saliency_guided_minus_matched_random,saliency_guided_minus_matched_random,patient,label_quality,gon_label=GON+ | quality_group=medium,105,98,0.9333333333333333,0.2052918142283054,0.19220652276029188,0.16446137208197592,0.17486655142342114,0.23691875600361734,supported,ConvNeXtTiny,deletion,GON+,medium
deletion_insertion_auc,auc_saliency_guided_minus_matched_random,saliency_guided_minus_matched_random,patient,label_quality,gon_label=GON- | quality_group=high,48,44,0.9166666666666666,0.1844982339920683,0.17023370728517576,0.14232401934297942,0.1465326194214021,0.2260969302214199,supported,ConvNeXtTiny,deletion,GON-,high
deletion_insertion_auc,auc_saliency_guided_minus_matched_random,saliency_guided_minus_matched_random,patient,label_quality,gon_label=GON- | quality_group=low,43,29,0.6744186046511628,0.1166925009658646,0.06395651597995314,0.1439640736966345,0.07535433971050723,0.1606889107489327,supported,ConvNeXtTiny,deletion,GON-,low
deletion_insertion_auc,auc_saliency_guided_minus_matched_random,saliency_guided_minus_matched_random,patient,label_quality,gon_label=GON- | quality_group=medium,55,43,0.7818181818181819,0.11251909020255109,0.0900920512751327,0.11546350756298629,0.0830654269277246,0.14343552496148693,supported,ConvNeXtTiny,deletion,GON-,medium
deletion_insertion_auc,auc_saliency_guided_minus_matched_random,saliency_guided_minus_matched_random,patient,label_quality,gon_label=GON+ | quality_group=high,91,88,0.967032967032967,0.2817602308894924,0.3009116316679866,0.13600362056517057,0.25302377383583224,0.30975050074889854,supported,ConvNeXtTiny,insertion,GON+,high
deletion_insertion_auc,auc_saliency_guided_minus_matched_random,saliency_guided_minus_matched_random,patient,label_quality,gon_label=GON+ | quality_group=low,116,107,0.9224137931034483,0.26282709244940966,0.2758116633514873,0.15706075587907206,0.23478465930128095,0.29200784627137355,supported,ConvNeXtTiny,insertion,GON+,low
deletion_insertion_auc,auc_saliency_guided_minus_matched_random,saliency_guided_minus_matched_random,patient,label_quality,gon_label=GON+ | quality_group=medium,105,98,0.9333333333333333,0.27186394382607537,0.30759919664512075,0.15652257561699565,0.24208051356022317,0.3015535150888913,supported,ConvNeXtTiny,insertion,GON+,medium
deletion_insertion_auc,auc_saliency_guided_minus_matched_random,saliency_guided_minus_matched_random,patient,label_quality,gon_label=GON- | quality_group=high,48,43,0.8958333333333334,0.23420279613033898,0.2370254109846428,0.1699042466808581,0.18782556371518364,0.2829796181625302,supported,ConvNeXtTiny,insertion,GON-,high
deletion_insertion_auc,auc_saliency_guided_minus_matched_random,saliency_guided_minus_matched_random,patient,label_quality,gon_label=GON- | quality_group=low,43,31,0.7209302325581395,0.1499784325840781,0.0618261955154593,0.16746792197186322,0.10148572334215467,0.1994029792010214,supported,ConvNeXtTiny,insertion,GON-,low
deletion_insertion_auc,auc_saliency_guided_minus_matched_random,saliency_guided_minus_matched_random,patient,label_quality,gon_label=GON- | quality_group=medium,55,41,0.7454545454545455,0.17903034975654805,0.1542509926628553,0.16557331301121736,0.1355820727395368,0.22031526926952372,supported,ConvNeXtTiny,insertion,GON-,medium
deletion_insertion_auc,auc_saliency_guided_minus_matched_random,saliency_guided_minus_matched_random,patient,label_quality,gon_label=GON+ | quality_group=high,91,55,0.6043956043956044,0.04716421311032464,0.029097211541375196,0.11077333582087005,0.025791193027450844,0.07087473725506907,supported,EfficientNetB0,deletion,GON+,high
deletion_insertion_auc,auc_saliency_guided_minus_matched_random,saliency_guided_minus_matched_random,patient,label_quality,gon_label=GON+ | quality_group=low,116,54,0.46551724137931033,0.004358240893252563,-0.0068206453346647215,0.11351162436601858,-0.016275842030962225,0.024668691529346743,directional_only,EfficientNetB0,deletion,GON+,low
deletion_insertion_auc,auc_saliency_guided_minus_matched_random,saliency_guided_minus_matched_random,patient,label_quality,gon_label=GON+ | quality_group=medium,105,49,0.4666666666666667,0.005283245268046495,-0.006009575520874902,0.11872790693420085,-0.018470052710752145,0.02789302454221081,directional_only,EfficientNetB0,deletion,GON+,medium
deletion_insertion_auc,auc_saliency_guided_minus_matched_random,saliency_guided_minus_matched_random,patient,label_quality,gon_label=GON- | quality_group=high,48,16,0.3333333333333333,-0.0033755454090823316,-0.01017590820043645,0.07564520452891117,-0.024226731911296696,0.017385495172206486,not_supported,EfficientNetB0,deletion,GON-,high
deletion_insertion_auc,auc_saliency_guided_minus_matched_random,saliency_guided_minus_matched_random,patient,label_quality,gon_label=GON- | quality_group=low,43,13,0.3023255813953488,-0.028194010241215015,-0.0297757145948707,0.07468991346903238,-0.049206320608730834,-0.006471824429971664,not_supported,EfficientNetB0,deletion,GON-,low
deletion_insertion_auc,auc_saliency_guided_minus_matched_random,saliency_guided_minus_matched_random,patient,label_quality,gon_label=GON- | quality_group=medium,55,21,0.38181818181818183,-0.018692032603120478,-0.008676873333752166,0.05677000408263711,-0.034282734406376025,-0.004989266349201213,not_supported,EfficientNetB0,deletion,GON-,medium
deletion_insertion_auc,auc_saliency_guided_minus_matched_random,saliency_guided_minus_matched_random,patient,label_quality,gon_label=GON+ | quality_group=high,91,69,0.7582417582417582,0.09807367263351072,0.10770062776282431,0.11247510870593387,0.0758703639836855,0.12194343403425591,supported,EfficientNetB0,insertion,GON+,high
deletion_insertion_auc,auc_saliency_guided_minus_matched_random,saliency_guided_minus_matched_random,patient,label_quality,gon_label=GON+ | quality_group=low,116,77,0.6637931034482759,0.04036581740282819,0.06328641409054396,0.12881024315814552,0.016888058867844027,0.0639183552006005,supported,EfficientNetB0,insertion,GON+,low
deletion_insertion_auc,auc_saliency_guided_minus_matched_random,saliency_guided_minus_matched_random,patient,label_quality,gon_label=GON+ | quality_group=medium,105,63,0.6,0.045944812121961734,0.0383659024593636,0.12211203523176306,0.023365462016852707,0.06839889368555609,supported,EfficientNetB0,insertion,GON+,medium
deletion_insertion_auc,auc_saliency_guided_minus_matched_random,saliency_guided_minus_matched_random,patient,label_quality,gon_label=GON- | quality_group=high,48,21,0.4375,0.03189110607876894,-0.00900560727129,0.10711886969342596,0.002289624705597412,0.06264634280333317,supported,EfficientNetB0,insertion,GON-,high
deletion_insertion_auc,auc_saliency_guided_minus_matched_random,saliency_guided_minus_matched_random,patient,label_quality,gon_label=GON- | quality_group=low,43,12,0.27906976744186046,-0.0386096750662981,-0.05710686184465891,0.12052137910541764,-0.07310783977891533,-0.0022697410820757945,not_supported,EfficientNetB0,insertion,GON-,low
deletion_insertion_auc,auc_saliency_guided_minus_matched_random,saliency_guided_minus_matched_random,patient,label_quality,gon_label=GON- | quality_group=medium,55,27,0.4909090909090909,0.020134255737031592,-0.0004958687019097976,0.10059079322800371,-0.005505350641480624,0.046816813639136784,directional_only,EfficientNetB0,insertion,GON-,medium
