model_name,xai_method,k_random_masks,max_target_iou,summary_name,metric,n_units,mean,median,ci95_low,ci95_high,support_status
ConvNeXtTiny,IntegratedGradients,32,0.01,patient_level_saliency_matched_random_ablation,odoc_minus_random_energy,458,0.114442404475571,0.11086575513036223,0.10868368121040807,0.12011137290298114,supported
ConvNeXtTiny,IntegratedGradients,32,0.03,patient_level_saliency_matched_random_ablation,odoc_minus_random_energy,458,0.11354058965378384,0.11030886454591382,0.10768536408220265,0.11912810782531726,supported
ConvNeXtTiny,IntegratedGradients,32,0.05,patient_level_saliency_matched_random_ablation,odoc_minus_random_energy,458,0.11313199396499667,0.1098566986388505,0.10769205352923848,0.11879538921707117,supported
ConvNeXtTiny,IntegratedGradients,64,0.01,patient_level_saliency_matched_random_ablation,odoc_minus_random_energy,458,0.11429994732964484,0.11168629548001263,0.10858638146814252,0.11986870141708579,supported
ConvNeXtTiny,IntegratedGradients,64,0.03,patient_level_saliency_matched_random_ablation,odoc_minus_random_energy,458,0.11351407670537084,0.11100326765472346,0.1079024403273193,0.11924532165912545,supported
ConvNeXtTiny,IntegratedGradients,64,0.05,patient_level_saliency_matched_random_ablation,odoc_minus_random_energy,458,0.11313072224309471,0.10995551700762007,0.10733776104681346,0.11865998040255987,supported
ConvNeXtTiny,IntegratedGradients,128,0.01,patient_level_saliency_matched_random_ablation,odoc_minus_random_energy,458,0.11440199428642846,0.1116535604666069,0.10866642083302289,0.1200954313194341,supported
ConvNeXtTiny,IntegratedGradients,128,0.03,patient_level_saliency_matched_random_ablation,odoc_minus_random_energy,458,0.11359883435778673,0.111301516704998,0.10786746258821146,0.11957725420775069,supported
ConvNeXtTiny,IntegratedGradients,128,0.05,patient_level_saliency_matched_random_ablation,odoc_minus_random_energy,458,0.11303167528873462,0.10995337711801767,0.10747370059980171,0.11878318412487612,supported
EfficientNetB0,IntegratedGradients,32,0.01,patient_level_saliency_matched_random_ablation,odoc_minus_random_energy,458,0.03062923736224918,0.028957225520571228,0.02864107687064771,0.03268332843133937,supported
EfficientNetB0,IntegratedGradients,32,0.03,patient_level_saliency_matched_random_ablation,odoc_minus_random_energy,458,0.03031614163800697,0.02818209465901115,0.028353247355913172,0.03233711621736233,supported
EfficientNetB0,IntegratedGradients,32,0.05,patient_level_saliency_matched_random_ablation,odoc_minus_random_energy,458,0.03026387408843989,0.02853654915088555,0.028312935562344255,0.03228574245326679,supported
EfficientNetB0,IntegratedGradients,64,0.01,patient_level_saliency_matched_random_ablation,odoc_minus_random_energy,458,0.03060827259191211,0.02887331019155681,0.028634680167006835,0.032708257550395935,supported
EfficientNetB0,IntegratedGradients,64,0.03,patient_level_saliency_matched_random_ablation,odoc_minus_random_energy,458,0.030299656917451238,0.028343771016807295,0.028332586363699903,0.032315741720366824,supported
EfficientNetB0,IntegratedGradients,64,0.05,patient_level_saliency_matched_random_ablation,odoc_minus_random_energy,458,0.03023633315358577,0.02803563188354019,0.02822416744534071,0.03227604024484855,supported
EfficientNetB0,IntegratedGradients,128,0.01,patient_level_saliency_matched_random_ablation,odoc_minus_random_energy,458,0.030669875869145255,0.028816562057424257,0.028605412777434773,0.03270534046878843,supported
EfficientNetB0,IntegratedGradients,128,0.03,patient_level_saliency_matched_random_ablation,odoc_minus_random_energy,458,0.03033955051014905,0.02841214482941723,0.028390266922326407,0.03236647978605957,supported
EfficientNetB0,IntegratedGradients,128,0.05,patient_level_saliency_matched_random_ablation,odoc_minus_random_energy,458,0.030186087163573395,0.028101343182849327,0.028254224418117868,0.03227908438463883,supported
