model_name,perturbation_method,sigma,dilation,k_random_masks,max_target_iou,summary_name,metric,n_units,mean,median,ci95_low,ci95_high,support_status
ConvNeXtTiny,blur,8.0,7,8,0.01,patient_level_perturbation_matched_random_ablation,odoc_minus_random_drop,115,0.4225140449481604,0.3086363256443292,0.3396677652258774,0.508162438867,supported
ConvNeXtTiny,blur,8.0,7,8,0.03,patient_level_perturbation_matched_random_ablation,odoc_minus_random_drop,115,0.4162814000225808,0.31745079159736633,0.3345998201372756,0.4979929627342602,supported
ConvNeXtTiny,blur,8.0,7,8,0.05,patient_level_perturbation_matched_random_ablation,odoc_minus_random_drop,115,0.41634047376883443,0.3123205441515893,0.3329723913442041,0.5013949782751628,supported
ConvNeXtTiny,blur,8.0,7,16,0.01,patient_level_perturbation_matched_random_ablation,odoc_minus_random_drop,115,0.41893086577956934,0.31168774887919426,0.33585166595347804,0.5033401041612928,supported
ConvNeXtTiny,blur,8.0,7,16,0.03,patient_level_perturbation_matched_random_ablation,odoc_minus_random_drop,115,0.4186987526823783,0.3495817016810179,0.33593347183962985,0.5010703547984479,supported
ConvNeXtTiny,blur,8.0,7,16,0.05,patient_level_perturbation_matched_random_ablation,odoc_minus_random_drop,115,0.4192670443989073,0.31659440132693817,0.33336377103183756,0.5015295731221239,supported
ConvNeXtTiny,blur,8.0,7,32,0.01,patient_level_perturbation_matched_random_ablation,odoc_minus_random_drop,115,0.41699599469432286,0.3065635450184345,0.33652797045104954,0.5019371390724108,supported
ConvNeXtTiny,blur,8.0,7,32,0.03,patient_level_perturbation_matched_random_ablation,odoc_minus_random_drop,115,0.4171671678645502,0.31801101192831993,0.33374874782751224,0.5005924341978646,supported
ConvNeXtTiny,blur,8.0,7,32,0.05,patient_level_perturbation_matched_random_ablation,odoc_minus_random_drop,115,0.4193054045735009,0.30809987406246364,0.33723093039552166,0.5057530387473176,supported
EfficientNetB0,blur,8.0,7,8,0.01,patient_level_perturbation_matched_random_ablation,odoc_minus_random_drop,115,-0.02891451647944195,-0.00506593845682346,-0.09123265037834943,0.03552847356101982,not_supported
EfficientNetB0,blur,8.0,7,8,0.03,patient_level_perturbation_matched_random_ablation,odoc_minus_random_drop,115,-0.021243574863462282,-0.003603216305918977,-0.08675171302773867,0.040762168012179086,not_supported
EfficientNetB0,blur,8.0,7,8,0.05,patient_level_perturbation_matched_random_ablation,odoc_minus_random_drop,115,-0.018144583929406908,-0.004846967349521947,-0.0801550088578717,0.044923703874974755,not_supported
EfficientNetB0,blur,8.0,7,16,0.01,patient_level_perturbation_matched_random_ablation,odoc_minus_random_drop,115,-0.02740462186470023,-0.00485225787588206,-0.08915944949259991,0.03403970415483724,not_supported
EfficientNetB0,blur,8.0,7,16,0.03,patient_level_perturbation_matched_random_ablation,odoc_minus_random_drop,115,-0.024924701465904968,-0.003179893217748031,-0.08773169287043829,0.040232597832587806,not_supported
EfficientNetB0,blur,8.0,7,16,0.05,patient_level_perturbation_matched_random_ablation,odoc_minus_random_drop,115,-0.016541877594720453,-0.004910244230302396,-0.08171276949285312,0.04671965131396168,not_supported
EfficientNetB0,blur,8.0,7,32,0.01,patient_level_perturbation_matched_random_ablation,odoc_minus_random_drop,115,-0.027259692253824405,-0.003239161728004092,-0.09094790116555453,0.03673872923773588,not_supported
EfficientNetB0,blur,8.0,7,32,0.03,patient_level_perturbation_matched_random_ablation,odoc_minus_random_drop,115,-0.024659013848038886,-0.004800224676728249,-0.08819031437952153,0.03718859203377707,not_supported
EfficientNetB0,blur,8.0,7,32,0.05,patient_level_perturbation_matched_random_ablation,odoc_minus_random_drop,115,-0.01687188935521606,-0.0043622470991806495,-0.08022781871317058,0.046373163093403724,not_supported
