feature,level,n_units,n_positive,n_negative,auroc,informative_auc,higher_feature_associated_with,interpretation
corner_edge_fraction,image,745,547,198,0.23519934260336453,0.7648006573966355,GON-,Univariate artifact/acquisition cue association; not a causal explanation of outside-OD classifier behavior.
vignetting_center_minus_border,image,745,547,198,0.7396912451757058,0.7396912451757058,GON+,Univariate artifact/acquisition cue association; not a causal explanation of outside-OD classifier behavior.
fov_area_fraction,image,745,547,198,0.7300749727623586,0.7300749727623586,GON+,Univariate artifact/acquisition cue association; not a causal explanation of outside-OD classifier behavior.
periphery_minus_center_gray,image,745,547,198,0.2794489686628626,0.7205510313371374,GON-,Univariate artifact/acquisition cue association; not a causal explanation of outside-OD classifier behavior.
border_edge_fraction,image,745,547,198,0.2808847155282256,0.7191152844717744,GON-,Univariate artifact/acquisition cue association; not a causal explanation of outside-OD classifier behavior.
corner_high_saturation_fraction,image,745,547,198,0.2971349694384429,0.7028650305615571,GON-,Univariate artifact/acquisition cue association; not a causal explanation of outside-OD classifier behavior.
corner_gray_std,image,745,547,198,0.32885528040921097,0.671144719590789,GON-,Univariate artifact/acquisition cue association; not a causal explanation of outside-OD classifier behavior.
border_gray_std,image,745,547,198,0.4178992853581519,0.5821007146418481,GON-,Univariate artifact/acquisition cue association; not a causal explanation of outside-OD classifier behavior.
border_black_fraction,image,745,547,198,0.5666260410318911,0.5666260410318911,GON+,Univariate artifact/acquisition cue association; not a causal explanation of outside-OD classifier behavior.
periphery_gray_mean,image,745,547,198,0.4402895499787638,0.5597104500212362,GON-,Univariate artifact/acquisition cue association; not a causal explanation of outside-OD classifier behavior.
corner_black_fraction,image,745,547,198,0.5594519232544826,0.5594519232544826,GON+,Univariate artifact/acquisition cue association; not a causal explanation of outside-OD classifier behavior.
border_gray_mean,image,745,547,198,0.4470851107048548,0.5529148892951452,GON-,Univariate artifact/acquisition cue association; not a causal explanation of outside-OD classifier behavior.
top_bottom_border_gray_asymmetry,image,745,547,198,0.4541022658024486,0.5458977341975514,GON-,Univariate artifact/acquisition cue association; not a causal explanation of outside-OD classifier behavior.
center_gray_mean,image,745,547,198,0.5301553007220283,0.5301553007220283,GON+,Univariate artifact/acquisition cue association; not a causal explanation of outside-OD classifier behavior.
corner_gray_mean,image,745,547,198,0.519324875814821,0.519324875814821,GON+,Univariate artifact/acquisition cue association; not a causal explanation of outside-OD classifier behavior.
left_right_border_gray_asymmetry,image,745,547,198,0.5096024227651283,0.5096024227651283,GON+,Univariate artifact/acquisition cue association; not a causal explanation of outside-OD classifier behavior.
corner_bright_fraction,image,745,547,198,0.5058584011966096,0.5058584011966096,GON+,Univariate artifact/acquisition cue association; not a causal explanation of outside-OD classifier behavior.
corner_edge_fraction,patient_mean,288,186,102,0.1611058401855366,0.8388941598144635,GON-,Univariate artifact/acquisition cue association; not a causal explanation of outside-OD classifier behavior.
vignetting_center_minus_border,patient_mean,288,186,102,0.7912186379928315,0.7912186379928315,GON+,Univariate artifact/acquisition cue association; not a causal explanation of outside-OD classifier behavior.
fov_area_fraction,patient_mean,288,186,102,0.7864484503478811,0.7864484503478811,GON+,Univariate artifact/acquisition cue association; not a causal explanation of outside-OD classifier behavior.
corner_high_saturation_fraction,patient_mean,288,186,102,0.2336864853468269,0.7663135146531731,GON-,Univariate artifact/acquisition cue association; not a causal explanation of outside-OD classifier behavior.
periphery_minus_center_gray,patient_mean,288,186,102,0.24235715791693022,0.7576428420830698,GON-,Univariate artifact/acquisition cue association; not a causal explanation of outside-OD classifier behavior.
border_edge_fraction,patient_mean,288,186,102,0.25321526460046384,0.7467847353995362,GON-,Univariate artifact/acquisition cue association; not a causal explanation of outside-OD classifier behavior.
corner_gray_std,patient_mean,288,186,102,0.31868016023613743,0.6813198397638626,GON-,Univariate artifact/acquisition cue association; not a causal explanation of outside-OD classifier behavior.
border_gray_std,patient_mean,288,186,102,0.4186696183849883,0.5813303816150117,GON-,Univariate artifact/acquisition cue association; not a causal explanation of outside-OD classifier behavior.
border_black_fraction,patient_mean,288,186,102,0.5805660974067046,0.5805660974067046,GON+,Univariate artifact/acquisition cue association; not a causal explanation of outside-OD classifier behavior.
top_bottom_border_gray_asymmetry,patient_mean,288,186,102,0.4249947290744255,0.5750052709255745,GON-,Univariate artifact/acquisition cue association; not a causal explanation of outside-OD classifier behavior.
border_gray_mean,patient_mean,288,186,102,0.4422833649588868,0.5577166350411131,GON-,Univariate artifact/acquisition cue association; not a causal explanation of outside-OD classifier behavior.
periphery_gray_mean,patient_mean,288,186,102,0.4449715370018975,0.5550284629981025,GON-,Univariate artifact/acquisition cue association; not a causal explanation of outside-OD classifier behavior.
corner_black_fraction,patient_mean,288,186,102,0.5550021083702298,0.5550021083702298,GON+,Univariate artifact/acquisition cue association; not a causal explanation of outside-OD classifier behavior.
center_gray_mean,patient_mean,288,186,102,0.5489141893316466,0.5489141893316466,GON+,Univariate artifact/acquisition cue association; not a causal explanation of outside-OD classifier behavior.
corner_gray_mean,patient_mean,288,186,102,0.5345772717689226,0.5345772717689226,GON+,Univariate artifact/acquisition cue association; not a causal explanation of outside-OD classifier behavior.
corner_bright_fraction,patient_mean,288,186,102,0.5220851781572843,0.5220851781572843,GON+,Univariate artifact/acquisition cue association; not a causal explanation of outside-OD classifier behavior.
left_right_border_gray_asymmetry,patient_mean,288,186,102,0.4838709677419355,0.5161290322580645,GON-,Univariate artifact/acquisition cue association; not a causal explanation of outside-OD classifier behavior.
