source_path,source_relative_path,repository_path,planned_action,materialization_status,actual_size_bytes,sha256,note
${AQPR_PROJECT_ROOT}/results/16_ict_express_revision_tables_figures_and_response_package_v36/tables/final_main_table_dataset_roles_and_frozen_component_development.csv,tables/final_main_table_dataset_roles_and_frozen_component_development.csv,results/main_tables/final_main_table_dataset_roles_and_frozen_component_development.csv,COPY,COPIED,1791.0,d0b7f222688833990cd805648db69174bc8ad42535c11c37d8acb1afb4410724,Copied byte-for-byte from the v3.6 paper package.
${AQPR_PROJECT_ROOT}/results/16_ict_express_revision_tables_figures_and_response_package_v36/tables/final_main_table_hygd_quality_proxy_patient_aqpr.csv,tables/final_main_table_hygd_quality_proxy_patient_aqpr.csv,results/main_tables/final_main_table_hygd_quality_proxy_patient_aqpr.csv,COPY,COPIED,859.0,e86f7f7647164312c86ae2d8409ecc2cc44e91c2e4389e03d999ded8c514b1b0,Copied byte-for-byte from the v3.6 paper package.
${AQPR_PROJECT_ROOT}/results/16_ict_express_revision_tables_figures_and_response_package_v36/tables/final_main_table_hygd_proxy_cdr_face_validity.csv,tables/final_main_table_hygd_proxy_cdr_face_validity.csv,results/main_tables/final_main_table_hygd_proxy_cdr_face_validity.csv,COPY,COPIED,320.0,aaab16bcb2180b8c5ce594e14a91fe92764099d913656ac2c5e34da4c55a821a,Copied byte-for-byte from the v3.6 paper package.
${AQPR_PROJECT_ROOT}/results/16_ict_express_revision_tables_figures_and_response_package_v36/tables/final_main_table_expanded_model_claim_boundary.csv,tables/final_main_table_expanded_model_claim_boundary.csv,results/main_tables/final_main_table_expanded_model_claim_boundary.csv,COPY,COPIED,883.0,e5f83aca437e1a7301adfcfcf70542b041ff829c0bc9a87eec5d3c3bbc443313,Copied byte-for-byte from the v3.6 paper package.
${AQPR_PROJECT_ROOT}/results/16_ict_express_revision_tables_figures_and_response_package_v36/tables/final_supp_table_expanded_model_claim_boundary_numeric_anchors.csv,tables/final_supp_table_expanded_model_claim_boundary_numeric_anchors.csv,results/main_tables/final_supp_table_expanded_model_claim_boundary_numeric_anchors.csv,COPY,COPIED,1027.0,79a84e3670aa1f6b9585365aa50c1067faf3c6a2e1fe510a04cf893aa47cd3c7,Copied byte-for-byte from the v3.6 paper package.
${AQPR_PROJECT_ROOT}/results/16_ict_express_revision_tables_figures_and_response_package_v36/tables/final_main_table_smdg_source_transportability.csv,tables/final_main_table_smdg_source_transportability.csv,results/main_tables/final_main_table_smdg_source_transportability.csv,COPY,COPIED,1842.0,f8faa97671720387032a0d6d9bb2c01535c6d962403a8b3e694496beda48c427,Copied byte-for-byte from the v3.6 paper package.
${AQPR_PROJECT_ROOT}/results/16_ict_express_revision_tables_figures_and_response_package_v36/tables/final_main_table_smdg_source_calibration_primary.csv,tables/final_main_table_smdg_source_calibration_primary.csv,results/main_tables/final_main_table_smdg_source_calibration_primary.csv,COPY,COPIED,2904.0,2846049ee80784ab6f65e8d2f4c72c9ff2f9feaec04d11c16c92a408a4bfbf2d,Copied byte-for-byte from the v3.6 paper package.
${AQPR_PROJECT_ROOT}/results/16_ict_express_revision_tables_figures_and_response_package_v36/tables/final_supp_table_smdg_global_calibration.csv,tables/final_supp_table_smdg_global_calibration.csv,results/main_tables/final_supp_table_smdg_global_calibration.csv,COPY,COPIED,1162.0,4d304dd11bd2ad758d1de89a8d1c1979365a231950167e2c30828b9c11d55ba7,Copied byte-for-byte from the v3.6 paper package.
${AQPR_PROJECT_ROOT}/results/16_ict_express_revision_tables_figures_and_response_package_v36/tables/final_supp_table_hygd_patient_aggregation_robustness.csv,tables/final_supp_table_hygd_patient_aggregation_robustness.csv,results/main_tables/final_supp_table_hygd_patient_aggregation_robustness.csv,COPY,COPIED,578.0,75dd858f778c2189191e275ef460763c384ad28995a7b94a96be35bd7c1d50d7,Copied byte-for-byte from the v3.6 paper package.
${AQPR_PROJECT_ROOT}/results/16_ict_express_revision_tables_figures_and_response_package_v36/tables/final_reviewer_response_master_matrix_v36.csv,tables/final_reviewer_response_master_matrix_v36.csv,,OMIT,NOT_SELECTED,,,"Reviewer/claim-management table, not a reproducibility result."
${AQPR_PROJECT_ROOT}/results/16_ict_express_revision_tables_figures_and_response_package_v36/tables/final_manuscript_claim_boundary_audit_v36.csv,tables/final_manuscript_claim_boundary_audit_v36.csv,,OMIT,NOT_SELECTED,,,"Reviewer/claim-management table, not a reproducibility result."
${AQPR_PROJECT_ROOT}/results/16_ict_express_revision_tables_figures_and_response_package_v36/latex_tables/final_main_table_dataset_roles_and_frozen_component_development.tex,latex_tables/final_main_table_dataset_roles_and_frozen_component_development.tex,,OMIT,NOT_SELECTED,,,LaTeX duplicate of a CSV table; useful but nonessential in a minimal repository.
${AQPR_PROJECT_ROOT}/results/16_ict_express_revision_tables_figures_and_response_package_v36/latex_tables/final_main_table_expanded_model_claim_boundary.tex,latex_tables/final_main_table_expanded_model_claim_boundary.tex,,OMIT,NOT_SELECTED,,,LaTeX duplicate of a CSV table; useful but nonessential in a minimal repository.
${AQPR_PROJECT_ROOT}/results/16_ict_express_revision_tables_figures_and_response_package_v36/latex_tables/final_main_table_hygd_proxy_cdr_face_validity.tex,latex_tables/final_main_table_hygd_proxy_cdr_face_validity.tex,,OMIT,NOT_SELECTED,,,LaTeX duplicate of a CSV table; useful but nonessential in a minimal repository.
${AQPR_PROJECT_ROOT}/results/16_ict_express_revision_tables_figures_and_response_package_v36/latex_tables/final_main_table_hygd_quality_proxy_patient_aqpr.tex,latex_tables/final_main_table_hygd_quality_proxy_patient_aqpr.tex,,OMIT,NOT_SELECTED,,,LaTeX duplicate of a CSV table; useful but nonessential in a minimal repository.
${AQPR_PROJECT_ROOT}/results/16_ict_express_revision_tables_figures_and_response_package_v36/latex_tables/final_main_table_smdg_source_calibration_primary.tex,latex_tables/final_main_table_smdg_source_calibration_primary.tex,,OMIT,NOT_SELECTED,,,LaTeX duplicate of a CSV table; useful but nonessential in a minimal repository.
${AQPR_PROJECT_ROOT}/results/16_ict_express_revision_tables_figures_and_response_package_v36/latex_tables/final_main_table_smdg_source_transportability.tex,latex_tables/final_main_table_smdg_source_transportability.tex,,OMIT,NOT_SELECTED,,,LaTeX duplicate of a CSV table; useful but nonessential in a minimal repository.
${AQPR_PROJECT_ROOT}/results/16_ict_express_revision_tables_figures_and_response_package_v36/latex_tables/final_manuscript_claim_boundary_audit_v36.tex,latex_tables/final_manuscript_claim_boundary_audit_v36.tex,,OMIT,NOT_SELECTED,,,LaTeX duplicate of a CSV table; useful but nonessential in a minimal repository.
${AQPR_PROJECT_ROOT}/results/16_ict_express_revision_tables_figures_and_response_package_v36/latex_tables/final_reviewer_response_master_matrix_v36.tex,latex_tables/final_reviewer_response_master_matrix_v36.tex,,OMIT,NOT_SELECTED,,,LaTeX duplicate of a CSV table; useful but nonessential in a minimal repository.
${AQPR_PROJECT_ROOT}/results/16_ict_express_revision_tables_figures_and_response_package_v36/latex_tables/final_supp_table_expanded_model_claim_boundary_numeric_anchors.tex,latex_tables/final_supp_table_expanded_model_claim_boundary_numeric_anchors.tex,,OMIT,NOT_SELECTED,,,LaTeX duplicate of a CSV table; useful but nonessential in a minimal repository.
${AQPR_PROJECT_ROOT}/results/16_ict_express_revision_tables_figures_and_response_package_v36/latex_tables/final_supp_table_hygd_patient_aggregation_robustness.tex,latex_tables/final_supp_table_hygd_patient_aggregation_robustness.tex,,OMIT,NOT_SELECTED,,,LaTeX duplicate of a CSV table; useful but nonessential in a minimal repository.
${AQPR_PROJECT_ROOT}/results/16_ict_express_revision_tables_figures_and_response_package_v36/latex_tables/final_supp_table_smdg_global_calibration.tex,latex_tables/final_supp_table_smdg_global_calibration.tex,,OMIT,NOT_SELECTED,,,LaTeX duplicate of a CSV table; useful but nonessential in a minimal repository.
${AQPR_PROJECT_ROOT}/results/16_ict_express_revision_tables_figures_and_response_package_v36/latex_tables/final_v36_table_matched_random_robustness_compact.tex,latex_tables/final_v36_table_matched_random_robustness_compact.tex,,OMIT,NOT_SELECTED,,,LaTeX duplicate of a CSV table; useful but nonessential in a minimal repository.
${AQPR_PROJECT_ROOT}/results/16_ict_express_revision_tables_figures_and_response_package_v36/latex_tables/final_v36_table_outside_od_root_cause_top_features.tex,latex_tables/final_v36_table_outside_od_root_cause_top_features.tex,,OMIT,NOT_SELECTED,,,LaTeX duplicate of a CSV table; useful but nonessential in a minimal repository.
${AQPR_PROJECT_ROOT}/results/16_ict_express_revision_tables_figures_and_response_package_v36/latex_tables/final_v36_table_proxy_morphometric_vs_end_to_end.tex,latex_tables/final_v36_table_proxy_morphometric_vs_end_to_end.tex,,OMIT,NOT_SELECTED,,,LaTeX duplicate of a CSV table; useful but nonessential in a minimal repository.
${AQPR_PROJECT_ROOT}/results/16_ict_express_revision_tables_figures_and_response_package_v36/latex_tables/final_v36_table_secondary_patch_occlusion_robustness.tex,latex_tables/final_v36_table_secondary_patch_occlusion_robustness.tex,,OMIT,NOT_SELECTED,,,LaTeX duplicate of a CSV table; useful but nonessential in a minimal repository.
${AQPR_PROJECT_ROOT}/results/16_ict_express_revision_tables_figures_and_response_package_v36/supplementary_tables/S01_smdg_global_calibration_raw_vs_scaled.csv,supplementary_tables/S01_smdg_global_calibration_raw_vs_scaled.csv,results/supplementary/S01_smdg_global_calibration_raw_vs_scaled.csv,COPY,COPIED,1192.0,7caa01f1a81703d67b37d5592d0b8a7d0f2ba492fa016f8fdd8b1bbc90f4ddf2,Copied byte-for-byte from the v3.6 paper package.
${AQPR_PROJECT_ROOT}/results/16_ict_express_revision_tables_figures_and_response_package_v36/supplementary_tables/S02_smdg_source_calibration_primary_full.csv,supplementary_tables/S02_smdg_source_calibration_primary_full.csv,results/supplementary/S02_smdg_source_calibration_primary_full.csv,COPY,COPIED,6980.0,ff7da43f9eaad0a09aba7637695398197e7c79c9d24648e10d63fd893e6a554b,Copied byte-for-byte from the v3.6 paper package.
${AQPR_PROJECT_ROOT}/results/16_ict_express_revision_tables_figures_and_response_package_v36/supplementary_tables/S03_smdg_source_calibration_all_models.csv,supplementary_tables/S03_smdg_source_calibration_all_models.csv,results/supplementary/S03_smdg_source_calibration_all_models.csv,COPY,COPIED,26306.0,3dd2fb0d3776a06240863bdf7f081ae068674cc256878e44fd0599c6f4a72961,Copied byte-for-byte from the v3.6 paper package.
${AQPR_PROJECT_ROOT}/results/16_ict_express_revision_tables_figures_and_response_package_v36/supplementary_tables/S04_smdg_source_metric_eligibility.csv,supplementary_tables/S04_smdg_source_metric_eligibility.csv,results/supplementary/S04_smdg_source_metric_eligibility.csv,COPY,COPIED,1590.0,aa6eb90a54194cc5adface130cfb85667adadb835c1a2017efb5288b0c8931de,Copied byte-for-byte from the v3.6 paper package.
${AQPR_PROJECT_ROOT}/results/16_ict_express_revision_tables_figures_and_response_package_v36/supplementary_tables/S05_smdg_reliability_bins.csv,supplementary_tables/S05_smdg_reliability_bins.csv,results/supplementary/S05_smdg_reliability_bins.csv,COPY,COPIED,284781.0,ffff62e90a46a24aed44a3e962b7f10831de7e0b1c3fd5b361dd7f6ab40e50f5,Copied byte-for-byte from the v3.6 paper package.
${AQPR_PROJECT_ROOT}/results/16_ict_express_revision_tables_figures_and_response_package_v36/supplementary_tables/S06_hygd_quality_score_definition.csv,supplementary_tables/S06_hygd_quality_score_definition.csv,results/supplementary/S06_hygd_quality_score_definition.csv,COPY,COPIED,1396.0,a3671eca9b169204e39345032dc9bcfa970196830b0db16cbedbd4cdd6237619,Copied byte-for-byte from the v3.6 paper package.
${AQPR_PROJECT_ROOT}/results/16_ict_express_revision_tables_figures_and_response_package_v36/supplementary_tables/S07_hygd_quality_tertile_thresholds.csv,supplementary_tables/S07_hygd_quality_tertile_thresholds.csv,results/supplementary/S07_hygd_quality_tertile_thresholds.csv,COPY,COPIED,497.0,4aadd623e554a01aac0d885ee8b38c00fc214a276314cf396615e15a52d6f036,Copied byte-for-byte from the v3.6 paper package.
${AQPR_PROJECT_ROOT}/results/16_ict_express_revision_tables_figures_and_response_package_v36/supplementary_tables/S08_hygd_proxy_quality_evidence.csv,supplementary_tables/S08_hygd_proxy_quality_evidence.csv,results/supplementary/S08_hygd_proxy_quality_evidence.csv,COPY,COPIED,4131.0,bc38b7a07bd66093895036cabf46e2e4337c2e3ac3ae497642f4d51b9c1df26a,Copied byte-for-byte from the v3.6 paper package.
${AQPR_PROJECT_ROOT}/results/16_ict_express_revision_tables_figures_and_response_package_v36/supplementary_tables/S09_hygd_proxy_cdr_difference.csv,supplementary_tables/S09_hygd_proxy_cdr_difference.csv,results/supplementary/S09_hygd_proxy_cdr_difference.csv,COPY,COPIED,451.0,b9de66e04ca315f13271a78d61e279dbbf41593d910e6b0974cda2eb0d1a7983,Copied byte-for-byte from the v3.6 paper package.
${AQPR_PROJECT_ROOT}/results/16_ict_express_revision_tables_figures_and_response_package_v36/supplementary_tables/S10_hygd_proxy_failure_audit.csv,supplementary_tables/S10_hygd_proxy_failure_audit.csv,results/pending_license_and_sanitization/S10_hygd_proxy_failure_audit.csv,HOLD,NOT_SELECTED,,,Row-level identifiers and/or internal paths require cleaning and license review.
${AQPR_PROJECT_ROOT}/results/16_ict_express_revision_tables_figures_and_response_package_v36/supplementary_tables/S11_hygd_patient_aggregation_robustness_long.csv,supplementary_tables/S11_hygd_patient_aggregation_robustness_long.csv,results/pending_license_and_sanitization/S11_hygd_patient_aggregation_robustness_long.csv,HOLD,NOT_SELECTED,,,Row-level identifiers and/or internal paths require cleaning and license review.
${AQPR_PROJECT_ROOT}/results/16_ict_express_revision_tables_figures_and_response_package_v36/supplementary_tables/S12_hygd_patient_aggregation_robustness_compact.csv,supplementary_tables/S12_hygd_patient_aggregation_robustness_compact.csv,results/supplementary/S12_hygd_patient_aggregation_robustness_compact.csv,COPY,COPIED,583.0,d3c576b9957ee9f3cb484d933f63b12cc522a84c1e1f86f2dce74dec7dba7876,Copied byte-for-byte from the v3.6 paper package.
${AQPR_PROJECT_ROOT}/results/16_ict_express_revision_tables_figures_and_response_package_v36/supplementary_tables/S13_hygd_near_duplicate_threshold_summary.csv,supplementary_tables/S13_hygd_near_duplicate_threshold_summary.csv,results/supplementary/S13_hygd_near_duplicate_threshold_summary.csv,COPY,COPIED,1683.0,cbd76b091e7d264aae790a18cc6c7f509e88243cc79da1c0cecbb31b749e4b4a,Copied byte-for-byte from the v3.6 paper package.
${AQPR_PROJECT_ROOT}/results/16_ict_express_revision_tables_figures_and_response_package_v36/supplementary_tables/S14_hygd_exact_duplicate_groups.csv,supplementary_tables/S14_hygd_exact_duplicate_groups.csv,results/pending_license_and_sanitization/S14_hygd_exact_duplicate_groups.csv,HOLD,NOT_SELECTED,,,Row-level identifiers and/or internal paths require cleaning and license review.
${AQPR_PROJECT_ROOT}/results/16_ict_express_revision_tables_figures_and_response_package_v36/supplementary_tables/S15_smdg_label_harmonization_policy.csv,supplementary_tables/S15_smdg_label_harmonization_policy.csv,results/supplementary/S15_smdg_label_harmonization_policy.csv,COPY,COPIED,3394.0,566ced8c81f9eeb1f3a19f6b9efab0364db0001ec9ee2f13d036cbeb89f955d4,Copied byte-for-byte from the v3.6 paper package.
${AQPR_PROJECT_ROOT}/results/16_ict_express_revision_tables_figures_and_response_package_v36/supplementary_tables/S16_notebook15_all_hygd_audit_cohort.csv,supplementary_tables/S16_notebook15_all_hygd_audit_cohort.csv,results/pending_license_and_sanitization/S16_notebook15_all_hygd_audit_cohort.csv,HOLD,NOT_SELECTED,,,Row-level identifiers and/or internal paths require cleaning and license review.
${AQPR_PROJECT_ROOT}/results/16_ict_express_revision_tables_figures_and_response_package_v36/supplementary_tables/S17_saliency_sanity_degradation_ci.csv,supplementary_tables/S17_saliency_sanity_degradation_ci.csv,results/supplementary/S17_saliency_sanity_degradation_ci.csv,COPY,COPIED,30081.0,d7c244d4877d9f40321514adfbf04720f294cd0eecf1448bcc24c5e89155f846,Copied byte-for-byte from the v3.6 paper package.
${AQPR_PROJECT_ROOT}/results/16_ict_express_revision_tables_figures_and_response_package_v36/supplementary_tables/S18_deletion_insertion_auc_guided_minus_random_ci.csv,supplementary_tables/S18_deletion_insertion_auc_guided_minus_random_ci.csv,results/supplementary/S18_deletion_insertion_auc_guided_minus_random_ci.csv,COPY,COPIED,30348.0,a0a51ed0b5b91a0192e2b701a39de0362bc8643e699053c0e5e80f40ca2fb9b5,Copied byte-for-byte from the v3.6 paper package.
${AQPR_PROJECT_ROOT}/results/16_ict_express_revision_tables_figures_and_response_package_v36/supplementary_tables/S19_perturbation_odoc_minus_random_ci.csv,supplementary_tables/S19_perturbation_odoc_minus_random_ci.csv,results/supplementary/S19_perturbation_odoc_minus_random_ci.csv,COPY,COPIED,437384.0,d348d459a469aab2a5225611e1c6c8953a1d91e4f4747c8c16d8cfda24f59331,Copied byte-for-byte from the v3.6 paper package.
${AQPR_PROJECT_ROOT}/results/16_ict_express_revision_tables_figures_and_response_package_v36/supplementary_tables/S20_perturbation_method_stability.csv,supplementary_tables/S20_perturbation_method_stability.csv,results/supplementary/S20_perturbation_method_stability.csv,COPY,COPIED,7502.0,8ca067e6996d188b755ebdb4fbedd392942c99048704701f1ce278aabff3dd81,Copied byte-for-byte from the v3.6 paper package.
${AQPR_PROJECT_ROOT}/results/16_ict_express_revision_tables_figures_and_response_package_v36/supplementary_tables/S21_expanded_claim_boundary_full.csv,supplementary_tables/S21_expanded_claim_boundary_full.csv,results/supplementary/S21_expanded_claim_boundary_full.csv,COPY,COPIED,3450.0,22a49fffc8ae23f43224648a1de054c2d076a326f8001dde25be2cbea77f01ca,Copied byte-for-byte from the v3.6 paper package.
${AQPR_PROJECT_ROOT}/results/16_ict_express_revision_tables_figures_and_response_package_v36/supplementary_tables/S22_v36_endpoint_parameter_table.csv,supplementary_tables/S22_v36_endpoint_parameter_table.csv,results/supplementary/S22_v36_endpoint_parameter_table.csv,COPY,COPIED,1542.0,0fb5271417c8d269104fb5cc9732f83a067f92d1d44f0918145fae2d6a6658a7,Copied byte-for-byte from the v3.6 paper package.
${AQPR_PROJECT_ROOT}/results/16_ict_express_revision_tables_figures_and_response_package_v36/supplementary_tables/S23_v36_auc_delta_formula_table.csv,supplementary_tables/S23_v36_auc_delta_formula_table.csv,results/supplementary/S23_v36_auc_delta_formula_table.csv,COPY,COPIED,1424.0,fcb90545548818a99ff54407eec90751264e68451599a6b04b78b6eef37284e9,Copied byte-for-byte from the v3.6 paper package.
${AQPR_PROJECT_ROOT}/results/16_ict_express_revision_tables_figures_and_response_package_v36/supplementary_tables/S24_v36_full_insertion_deletion_curves_patient.csv,supplementary_tables/S24_v36_full_insertion_deletion_curves_patient.csv,results/pending_license_and_sanitization/S24_v36_full_insertion_deletion_curves_patient.csv,HOLD,NOT_SELECTED,,,Row-level identifiers and/or internal paths require cleaning and license review.
${AQPR_PROJECT_ROOT}/results/16_ict_express_revision_tables_figures_and_response_package_v36/supplementary_tables/S25_v36_matched_random_saliency_ablation.csv,supplementary_tables/S25_v36_matched_random_saliency_ablation.csv,results/supplementary/S25_v36_matched_random_saliency_ablation.csv,COPY,COPIED,3884.0,7198dd98241ff968968995f60847aafe738dc16198dcfdd7ed54a86edb34a6eb,Copied byte-for-byte from the v3.6 paper package.
${AQPR_PROJECT_ROOT}/results/16_ict_express_revision_tables_figures_and_response_package_v36/supplementary_tables/S26_v36_matched_random_perturbation_ablation.csv,supplementary_tables/S26_v36_matched_random_perturbation_ablation.csv,results/supplementary/S26_v36_matched_random_perturbation_ablation.csv,COPY,COPIED,3816.0,d00c928e9a8d3dd17d9c03b5e9b326c1a23dd6700b64701f7ae60fd12971a807,Copied byte-for-byte from the v3.6 paper package.
${AQPR_PROJECT_ROOT}/results/16_ict_express_revision_tables_figures_and_response_package_v36/supplementary_tables/S27_v36_secondary_patch_occlusion_summary.csv,supplementary_tables/S27_v36_secondary_patch_occlusion_summary.csv,results/supplementary/S27_v36_secondary_patch_occlusion_summary.csv,COPY,COPIED,1190.0,6719cc5a6e81e59e422ceba3d6e3ccd70972f1e348c8eca5bce6001e99d78c2f,Copied byte-for-byte from the v3.6 paper package.
${AQPR_PROJECT_ROOT}/results/16_ict_express_revision_tables_figures_and_response_package_v36/supplementary_tables/S28_v36_secondary_patch_occlusion_auc_patient.csv,supplementary_tables/S28_v36_secondary_patch_occlusion_auc_patient.csv,results/pending_license_and_sanitization/S28_v36_secondary_patch_occlusion_auc_patient.csv,HOLD,NOT_SELECTED,,,Row-level identifiers and/or internal paths require cleaning and license review.
${AQPR_PROJECT_ROOT}/results/16_ict_express_revision_tables_figures_and_response_package_v36/supplementary_tables/S29_v36_proxy_morphometric_vs_end_to_end_hygd.csv,supplementary_tables/S29_v36_proxy_morphometric_vs_end_to_end_hygd.csv,results/supplementary/S29_v36_proxy_morphometric_vs_end_to_end_hygd.csv,COPY,COPIED,7375.0,3eae7a93541433d0112a079822b18037dbf0813dfccd2722007b39d8640425f9,Copied byte-for-byte from the v3.6 paper package.
${AQPR_PROJECT_ROOT}/results/16_ict_express_revision_tables_figures_and_response_package_v36/supplementary_tables/S30_v36_outside_od_root_cause_top_features.csv,supplementary_tables/S30_v36_outside_od_root_cause_top_features.csv,results/supplementary/S30_v36_outside_od_root_cause_top_features.csv,COPY,COPIED,2514.0,72d5b8396803cb6bd5b5730c7415cab82804f48d58a2dad4aeefc2140a512299,Copied byte-for-byte from the v3.6 paper package.
${AQPR_PROJECT_ROOT}/results/16_ict_express_revision_tables_figures_and_response_package_v36/supplementary_tables/S31_v36_outside_od_root_cause_univariate_auc.csv,supplementary_tables/S31_v36_outside_od_root_cause_univariate_auc.csv,results/supplementary/S31_v36_outside_od_root_cause_univariate_auc.csv,COPY,COPIED,6787.0,7f333b913af07e732af2fb6ca0e5f9550cf516002196f16bbf93bcf85375e75c,Copied byte-for-byte from the v3.6 paper package.
${AQPR_PROJECT_ROOT}/results/16_ict_express_revision_tables_figures_and_response_package_v36/supplementary_tables/S32_v36_outside_od_root_cause_features.csv,supplementary_tables/S32_v36_outside_od_root_cause_features.csv,results/pending_license_and_sanitization/S32_v36_outside_od_root_cause_features.csv,HOLD,NOT_SELECTED,,,Row-level identifiers and/or internal paths require cleaning and license review.
${AQPR_PROJECT_ROOT}/results/16_ict_express_revision_tables_figures_and_response_package_v36/supplementary_tables/S33_v36_border_corner_sanitized_manifest.csv,supplementary_tables/S33_v36_border_corner_sanitized_manifest.csv,,OMIT,NOT_SELECTED,,,Optional sanitized-image manifest not used for final performance claims.
${AQPR_PROJECT_ROOT}/results/16_ict_express_revision_tables_figures_and_response_package_v36/supplementary_tables/supplementary_table_inventory.csv,supplementary_tables/supplementary_table_inventory.csv,,OMIT,NOT_SELECTED,,,Navigation inventory rather than scientific evidence.
${AQPR_PROJECT_ROOT}/results/16_ict_express_revision_tables_figures_and_response_package_v36/figures/final_notebook13_figure_smdg_reliability_pooled_raw_vs_scaled_primary_model.pdf,figures/final_notebook13_figure_smdg_reliability_pooled_raw_vs_scaled_primary_model.pdf,results/reference_figures/final_notebook13_figure_smdg_reliability_pooled_raw_vs_scaled_primary_model.pdf,COPY,COPIED,18250.0,4838127af519e4978abb8fe376d427b7d0ed1fc5cbd1cb47233a8b439d22295e,Copied byte-for-byte from the v3.6 paper package.
${AQPR_PROJECT_ROOT}/results/16_ict_express_revision_tables_figures_and_response_package_v36/figures/final_notebook13_figure_smdg_reliability_pooled_raw_vs_scaled_primary_model.png,figures/final_notebook13_figure_smdg_reliability_pooled_raw_vs_scaled_primary_model.png,results/reference_figures/final_notebook13_figure_smdg_reliability_pooled_raw_vs_scaled_primary_model.png,COPY,COPIED,66075.0,8ff6dc5914efecbb43e07e26d3ef3c26aa4e6c801e2c725f00f7cbefbc974e1a,Copied byte-for-byte from the v3.6 paper package.
${AQPR_PROJECT_ROOT}/results/16_ict_express_revision_tables_figures_and_response_package_v36/figures/final_notebook13_figure_smdg_reliability_representative_sources_raw_vs_scaled_primary_model.pdf,figures/final_notebook13_figure_smdg_reliability_representative_sources_raw_vs_scaled_primary_model.pdf,results/reference_figures/final_notebook13_figure_smdg_reliability_representative_sources_raw_vs_scaled_primary_model.pdf,COPY,COPIED,28781.0,87067e72009e4e763791a74305816cec84b4031536128fc72db81d32288f480b,Copied byte-for-byte from the v3.6 paper package.
${AQPR_PROJECT_ROOT}/results/16_ict_express_revision_tables_figures_and_response_package_v36/figures/final_notebook13_figure_smdg_reliability_representative_sources_raw_vs_scaled_primary_model.png,figures/final_notebook13_figure_smdg_reliability_representative_sources_raw_vs_scaled_primary_model.png,results/reference_figures/final_notebook13_figure_smdg_reliability_representative_sources_raw_vs_scaled_primary_model.png,COPY,COPIED,313578.0,3ab17958c86b93a34c026915fbc3495ed689f3018851d563a5b317218edc2346,Copied byte-for-byte from the v3.6 paper package.
${AQPR_PROJECT_ROOT}/results/16_ict_express_revision_tables_figures_and_response_package_v36/figures/final_notebook14_notebook14_figure_hygd_forensic_duplicate_audit.pdf,figures/final_notebook14_notebook14_figure_hygd_forensic_duplicate_audit.pdf,results/reference_figures/final_notebook14_notebook14_figure_hygd_forensic_duplicate_audit.pdf,COPY,COPIED,18197.0,a1da05208a42cce4d822afad8ce960c4b1c0375bd96cb761a75f08f180192185,Copied byte-for-byte from the v3.6 paper package.
${AQPR_PROJECT_ROOT}/results/16_ict_express_revision_tables_figures_and_response_package_v36/figures/final_notebook14_notebook14_figure_hygd_forensic_duplicate_audit.png,figures/final_notebook14_notebook14_figure_hygd_forensic_duplicate_audit.png,results/reference_figures/final_notebook14_notebook14_figure_hygd_forensic_duplicate_audit.png,COPY,COPIED,250230.0,d90f0e1aa37fd0160df30ddd18760c4885a157509c202e70128daa0c7686430c,Copied byte-for-byte from the v3.6 paper package.
${AQPR_PROJECT_ROOT}/results/16_ict_express_revision_tables_figures_and_response_package_v36/figures/final_notebook14_notebook14_figure_hygd_quality_stratified_aqpr.pdf,figures/final_notebook14_notebook14_figure_hygd_quality_stratified_aqpr.pdf,results/reference_figures/final_notebook14_notebook14_figure_hygd_quality_stratified_aqpr.pdf,COPY,COPIED,21653.0,780dc804325e58ed891c83f8ce83c64013bd1ec5ae664c09ea41e57e5a77a78c,Copied byte-for-byte from the v3.6 paper package.
${AQPR_PROJECT_ROOT}/results/16_ict_express_revision_tables_figures_and_response_package_v36/figures/final_notebook14_notebook14_figure_hygd_quality_stratified_aqpr.png,figures/final_notebook14_notebook14_figure_hygd_quality_stratified_aqpr.png,results/reference_figures/final_notebook14_notebook14_figure_hygd_quality_stratified_aqpr.png,COPY,COPIED,219683.0,80a7f228ec2a9cbc2a1070a1688bcc2c849a045c813c6ba81a5c7649ecc2d1fa,Copied byte-for-byte from the v3.6 paper package.
${AQPR_PROJECT_ROOT}/results/16_ict_express_revision_tables_figures_and_response_package_v36/figures/final_notebook14_notebook14_figure_smdg_source_shift_prevalence.pdf,figures/final_notebook14_notebook14_figure_smdg_source_shift_prevalence.pdf,results/reference_figures/final_notebook14_notebook14_figure_smdg_source_shift_prevalence.pdf,COPY,COPIED,21427.0,93584b93f537faeab84f2640972e4892061f22261d7f2beb25372b25de4c442d,Copied byte-for-byte from the v3.6 paper package.
${AQPR_PROJECT_ROOT}/results/16_ict_express_revision_tables_figures_and_response_package_v36/figures/final_notebook14_notebook14_figure_smdg_source_shift_prevalence.png,figures/final_notebook14_notebook14_figure_smdg_source_shift_prevalence.png,results/reference_figures/final_notebook14_notebook14_figure_smdg_source_shift_prevalence.png,COPY,COPIED,233921.0,cc185f38e29b17b36e8e6c9a292d2c904088d7f6ed90b3fd81ea48914c41e860,Copied byte-for-byte from the v3.6 paper package.
${AQPR_PROJECT_ROOT}/results/16_ict_express_revision_tables_figures_and_response_package_v36/figures/final_notebook15_notebook15_figure_deletion_insertion_faithfulness.pdf,figures/final_notebook15_notebook15_figure_deletion_insertion_faithfulness.pdf,results/reference_figures/final_notebook15_notebook15_figure_deletion_insertion_faithfulness.pdf,COPY,COPIED,22523.0,41a937dea3af0723020518a77cd319aadbe4389fcfc920cb2f659a253da61dc5,Copied byte-for-byte from the v3.6 paper package.
${AQPR_PROJECT_ROOT}/results/16_ict_express_revision_tables_figures_and_response_package_v36/figures/final_notebook15_notebook15_figure_deletion_insertion_faithfulness.png,figures/final_notebook15_notebook15_figure_deletion_insertion_faithfulness.png,results/reference_figures/final_notebook15_notebook15_figure_deletion_insertion_faithfulness.png,COPY,COPIED,437762.0,8736cf1257ff8a5f6372c47e310d51478d8233f90aeb3cd15c2ff4a55d4a47a5,Copied byte-for-byte from the v3.6 paper package.
${AQPR_PROJECT_ROOT}/results/16_ict_express_revision_tables_figures_and_response_package_v36/figures/final_notebook15_notebook15_figure_perturbation_sensitivity.pdf,figures/final_notebook15_notebook15_figure_perturbation_sensitivity.pdf,results/reference_figures/final_notebook15_notebook15_figure_perturbation_sensitivity.pdf,COPY,COPIED,19581.0,5adcda08c97a4d6af1b16fbc7a0723478be94e90afcc053eed0ba1d96d978344,Copied byte-for-byte from the v3.6 paper package.
${AQPR_PROJECT_ROOT}/results/16_ict_express_revision_tables_figures_and_response_package_v36/figures/final_notebook15_notebook15_figure_perturbation_sensitivity.png,figures/final_notebook15_notebook15_figure_perturbation_sensitivity.png,results/reference_figures/final_notebook15_notebook15_figure_perturbation_sensitivity.png,COPY,COPIED,253308.0,6d13c833e9c7c9614f22a25699bf33656dae329cd57f2ed646efaf5f03c01bae,Copied byte-for-byte from the v3.6 paper package.
${AQPR_PROJECT_ROOT}/results/16_ict_express_revision_tables_figures_and_response_package_v36/figures/final_notebook15_notebook15_figure_saliency_sanity.pdf,figures/final_notebook15_notebook15_figure_saliency_sanity.pdf,results/reference_figures/final_notebook15_notebook15_figure_saliency_sanity.pdf,COPY,COPIED,17994.0,8b865016d9ca3280f21b585531020a2d908f600d9bcef54024672c314835cb77,Copied byte-for-byte from the v3.6 paper package.
${AQPR_PROJECT_ROOT}/results/16_ict_express_revision_tables_figures_and_response_package_v36/figures/final_notebook15_notebook15_figure_saliency_sanity.png,figures/final_notebook15_notebook15_figure_saliency_sanity.png,results/reference_figures/final_notebook15_notebook15_figure_saliency_sanity.png,COPY,COPIED,226972.0,69f29a93d4af77109c7b5bd209c109708788a21a15f4cc419f24581c2ce5672d,Copied byte-for-byte from the v3.6 paper package.
${AQPR_PROJECT_ROOT}/results/16_ict_express_revision_tables_figures_and_response_package_v36/text_fragments/abstract_candidate_sentence_v36.md,text_fragments/abstract_candidate_sentence_v36.md,,OMIT,NOT_SELECTED,,,"Internal manuscript, reviewer, or handoff traceability; omit from the minimal public repository."
${AQPR_PROJECT_ROOT}/results/16_ict_express_revision_tables_figures_and_response_package_v36/text_fragments/limitations_claim_boundaries_v36.md,text_fragments/limitations_claim_boundaries_v36.md,,OMIT,NOT_SELECTED,,,"Internal manuscript, reviewer, or handoff traceability; omit from the minimal public repository."
${AQPR_PROJECT_ROOT}/results/16_ict_express_revision_tables_figures_and_response_package_v36/text_fragments/manuscript_ready_fragments_v36_minor_revision.md,text_fragments/manuscript_ready_fragments_v36_minor_revision.md,,OMIT,NOT_SELECTED,,,"Internal manuscript, reviewer, or handoff traceability; omit from the minimal public repository."
${AQPR_PROJECT_ROOT}/results/16_ict_express_revision_tables_figures_and_response_package_v36/text_fragments/methods_guardrails_v36.md,text_fragments/methods_guardrails_v36.md,,OMIT,NOT_SELECTED,,,"Internal manuscript, reviewer, or handoff traceability; omit from the minimal public repository."
${AQPR_PROJECT_ROOT}/results/16_ict_express_revision_tables_figures_and_response_package_v36/text_fragments/methods_quality_patient_aggregation_v36.md,text_fragments/methods_quality_patient_aggregation_v36.md,,OMIT,NOT_SELECTED,,,"Internal manuscript, reviewer, or handoff traceability; omit from the minimal public repository."
${AQPR_PROJECT_ROOT}/results/16_ict_express_revision_tables_figures_and_response_package_v36/text_fragments/results_architecture_dependent_aqpr_v36.md,text_fragments/results_architecture_dependent_aqpr_v36.md,,OMIT,NOT_SELECTED,,,"Internal manuscript, reviewer, or handoff traceability; omit from the minimal public repository."
${AQPR_PROJECT_ROOT}/results/16_ict_express_revision_tables_figures_and_response_package_v36/text_fragments/results_matched_random_robustness_v36.md,text_fragments/results_matched_random_robustness_v36.md,,OMIT,NOT_SELECTED,,,"Internal manuscript, reviewer, or handoff traceability; omit from the minimal public repository."
${AQPR_PROJECT_ROOT}/results/16_ict_express_revision_tables_figures_and_response_package_v36/text_fragments/results_outside_od_forensics_v36.md,text_fragments/results_outside_od_forensics_v36.md,,OMIT,NOT_SELECTED,,,"Internal manuscript, reviewer, or handoff traceability; omit from the minimal public repository."
${AQPR_PROJECT_ROOT}/results/16_ict_express_revision_tables_figures_and_response_package_v36/text_fragments/results_proxy_cdr_baseline_v36.md,text_fragments/results_proxy_cdr_baseline_v36.md,,OMIT,NOT_SELECTED,,,"Internal manuscript, reviewer, or handoff traceability; omit from the minimal public repository."
${AQPR_PROJECT_ROOT}/results/16_ict_express_revision_tables_figures_and_response_package_v36/text_fragments/results_proxy_quality_v36.md,text_fragments/results_proxy_quality_v36.md,,OMIT,NOT_SELECTED,,,"Internal manuscript, reviewer, or handoff traceability; omit from the minimal public repository."
${AQPR_PROJECT_ROOT}/results/16_ict_express_revision_tables_figures_and_response_package_v36/text_fragments/results_secondary_patch_occlusion_v36.md,text_fragments/results_secondary_patch_occlusion_v36.md,,OMIT,NOT_SELECTED,,,"Internal manuscript, reviewer, or handoff traceability; omit from the minimal public repository."
${AQPR_PROJECT_ROOT}/results/16_ict_express_revision_tables_figures_and_response_package_v36/text_fragments/results_smdg_calibration_v36.md,text_fragments/results_smdg_calibration_v36.md,,OMIT,NOT_SELECTED,,,"Internal manuscript, reviewer, or handoff traceability; omit from the minimal public repository."
${AQPR_PROJECT_ROOT}/results/16_ict_express_revision_tables_figures_and_response_package_v36/audit/notebook16_v36_complete_evidence_source_registry.csv,audit/notebook16_v36_complete_evidence_source_registry.csv,,OMIT,NOT_SELECTED,,,"Internal manuscript, reviewer, or handoff traceability; omit from the minimal public repository."
${AQPR_PROJECT_ROOT}/results/16_ict_express_revision_tables_figures_and_response_package_v36/audit/notebook16_v36_missing_critical_sources.csv,audit/notebook16_v36_missing_critical_sources.csv,,OMIT,NOT_SELECTED,,,"Internal manuscript, reviewer, or handoff traceability; omit from the minimal public repository."
${AQPR_PROJECT_ROOT}/results/13_external_validation_dataset_selection_and_preparation/smdg_journal_ready_package/notebook13_smdg_calibration_handoff_for_notebook16.json,,,OMIT,NOT_SELECTED,,,"Internal manuscript, reviewer, or handoff traceability; omit from the minimal public repository."
${AQPR_PROJECT_ROOT}/results/14_hygd_smdg_domain_shift_audit/handoff/notebook14_quality_proxy_patient_aggregation_handoff_for_notebook16.json,,,OMIT,NOT_SELECTED,,,"Internal manuscript, reviewer, or handoff traceability; omit from the minimal public repository."
${AQPR_PROJECT_ROOT}/results/15_aqpr_expanded_core_audit_all_hygd_v31/notebook15_expanded_claim_boundary_handoff.json,,,OMIT,NOT_SELECTED,,,"Internal manuscript, reviewer, or handoff traceability; omit from the minimal public repository."
${AQPR_PROJECT_ROOT}/results/16_ict_express_revision_tables_figures_and_response_package_v36/tables/final_v36_table_matched_random_robustness_compact.csv,tables/final_v36_table_matched_random_robustness_compact.csv,results/main_tables/final_v36_table_matched_random_robustness_compact.csv,COPY,WITHHELD_EMPTY,1.0,,The packaged file is empty (<=1 byte); withheld to avoid publishing a misleading artifact.
${AQPR_PROJECT_ROOT}/results/16_ict_express_revision_tables_figures_and_response_package_v36/tables/final_v36_table_secondary_patch_occlusion_robustness.csv,tables/final_v36_table_secondary_patch_occlusion_robustness.csv,results/main_tables/final_v36_table_secondary_patch_occlusion_robustness.csv,COPY,COPIED,869.0,719b317abf68b7db249e8f36dc4ae5374608f1a6adef913f167ec4e5e4e3092a,Copied byte-for-byte from the v3.6 paper package.
${AQPR_PROJECT_ROOT}/results/16_ict_express_revision_tables_figures_and_response_package_v36/tables/final_v36_table_proxy_morphometric_vs_end_to_end.csv,tables/final_v36_table_proxy_morphometric_vs_end_to_end.csv,results/main_tables/final_v36_table_proxy_morphometric_vs_end_to_end.csv,COPY,COPIED,7371.0,30a6d72edfe21190674f8a515a2bb2256e65345807257e421cb228f102b6af9e,Copied byte-for-byte from the v3.6 paper package.
${AQPR_PROJECT_ROOT}/results/16_ict_express_revision_tables_figures_and_response_package_v36/tables/final_v36_table_outside_od_root_cause_top_features.csv,tables/final_v36_table_outside_od_root_cause_top_features.csv,results/main_tables/final_v36_table_outside_od_root_cause_top_features.csv,COPY,COPIED,2511.0,4093bd106211f0a61da192259ca9847cb103751e83af4490e5a7f62ccbea9b42,Copied byte-for-byte from the v3.6 paper package.
${AQPR_PROJECT_ROOT}/results/16_ict_express_revision_tables_figures_and_response_package_v36/tables/final_v36_table_endpoint_parameters.csv,tables/final_v36_table_endpoint_parameters.csv,results/main_tables/final_v36_table_endpoint_parameters.csv,COPY,COPIED,1542.0,0fb5271417c8d269104fb5cc9732f83a067f92d1d44f0918145fae2d6a6658a7,Copied byte-for-byte from the v3.6 paper package.
${AQPR_PROJECT_ROOT}/results/16_ict_express_revision_tables_figures_and_response_package_v36/tables/final_v36_table_auc_delta_formula.csv,tables/final_v36_table_auc_delta_formula.csv,results/main_tables/final_v36_table_auc_delta_formula.csv,COPY,COPIED,1424.0,fcb90545548818a99ff54407eec90751264e68451599a6b04b78b6eef37284e9,Copied byte-for-byte from the v3.6 paper package.
