source_block,role,priority,filename,description,exists,size_bytes,n_rows,n_columns,recommended_action,classification_reason
N13,n13_global_calibration,main,table_smdg_global_calibration_raw_vs_scaled_all_models.csv,Global SMDG raw/scaled Brier/ECE by model.,True,1192,4,13,PUBLIC_CORE,"Directly supports a result, method parameter, table, figure, or claim in the current manuscript."
N13,n13_source_calibration_primary_compact,main,table_smdg_source_calibration_raw_vs_scaled_primary_model_compact.csv,Primary-model per-source calibration compact table.,True,2940,16,12,PUBLIC_CORE,"Directly supports a result, method parameter, table, figure, or claim in the current manuscript."
N13,n13_source_calibration_primary_full,supplement,table_smdg_source_calibration_raw_vs_scaled_primary_model.csv,Primary-model full per-source calibration table.,True,6980,16,25,PUBLIC_SUPPLEMENT,Derived supporting evidence suitable for supplementary reproducibility.
N13,n13_source_calibration_all_models,supplement,table_smdg_source_calibration_raw_vs_scaled_all_models.csv,All-model per-source calibration table.,True,26306,64,25,PUBLIC_SUPPLEMENT,Derived supporting evidence suitable for supplementary reproducibility.
N13,n13_source_metric_eligibility,supplement,table_smdg_source_metric_eligibility_and_calibration_support.csv,SMDG source metric eligibility and calibration support.,True,1590,16,9,PUBLIC_SUPPLEMENT,Derived supporting evidence suitable for supplementary reproducibility.
N13,n13_reliability_bins,supplement,figure_data_smdg_reliability_diagram_bins_all_models.csv,Reliability diagram bin data.,True,284781,2040,12,PUBLIC_SUPPLEMENT,Derived supporting evidence suitable for supplementary reproducibility.
N13,n13_source_calibration_delta_primary,main,figure_data_smdg_source_calibration_delta_primary_model.csv,Primary-model source calibration deltas.,True,6980,16,25,PUBLIC_CORE,"Directly supports a result, method parameter, table, figure, or claim in the current manuscript."
N13,n13_global_calibration_delta,main,figure_data_smdg_global_calibration_delta_all_models.csv,Global calibration deltas.,True,1192,4,13,PUBLIC_CORE,"Directly supports a result, method parameter, table, figure, or claim in the current manuscript."
N13,n13_calibration_handoff,main,notebook13_smdg_calibration_handoff_for_notebook16.json,Notebook 13 calibration handoff.,True,6238,0,0,INTERNAL_PROVENANCE,"Useful for development or reviewer traceability, but unnecessary in a compact public repository."
N14,n14_hygd_quality_summary,main,notebook14_hygd_quality_stratified_aqpr_summary.csv,HYGD quality-stratified AQPR summary.,True,2443,3,31,PUBLIC_CORE,"Directly supports a result, method parameter, table, figure, or claim in the current manuscript."
N14,n14_quality_score_definition,main,notebook14_hygd_quality_score_definition.csv,Quality score source and missingness.,True,1396,12,3,PUBLIC_CORE,"Directly supports a result, method parameter, table, figure, or claim in the current manuscript."
N14,n14_quality_thresholds,main,notebook14_hygd_quality_tertile_thresholds.csv,Quality tertile thresholds and counts.,True,497,3,14,PUBLIC_CORE,"Directly supports a result, method parameter, table, figure, or claim in the current manuscript."
N14,n14_proxy_quality_evidence,main,notebook14_hygd_proxy_quality_evidence_summary.csv,Proxy strict-valid and distribution evidence.,True,4131,36,4,PUBLIC_CORE,"Directly supports a result, method parameter, table, figure, or claim in the current manuscript."
N14,n14_proxy_cdr_difference,main,notebook14_hygd_proxy_patient_cdr_gon_difference_bootstrap.csv,Patient-level CDR proxy difference.,True,451,1,12,PUBLIC_CORE,"Directly supports a result, method parameter, table, figure, or claim in the current manuscript."
N14,n14_proxy_failure_audit,supplement,notebook14_hygd_proxy_failure_audit.csv,Proxy failure audit.,True,152,2,6,PUBLIC_AFTER_SANITIZATION,Contains image/patient identifiers; retain only de-identified or hashed IDs after license review.
N14,n14_patient_aggregation_compact,main,notebook14_hygd_patient_aggregation_robustness_compact.csv,Patient aggregation robustness compact.,True,583,4,9,PUBLIC_CORE,"Directly supports a result, method parameter, table, figure, or claim in the current manuscript."
N14,n14_patient_aggregation_long,supplement,notebook14_hygd_patient_aggregation_robustness_long.csv,Patient aggregation robustness long.,True,34801,64,26,PUBLIC_AFTER_SANITIZATION,Contains local paths and/or file-level identifiers; remove absolute paths and review dataset terms.
N14,n14_proxy_qc_by_quality_label,supplement,notebook14_hygd_proxy_qc_by_quality_and_label.csv,Proxy QC by quality/label.,True,977,6,11,PUBLIC_SUPPLEMENT,Derived supporting evidence suitable for supplementary reproducibility.
N14,n14_endpoint_availability,supplement,notebook14_hygd_quality_endpoint_availability_audit.csv,Endpoint availability.,True,1116,4,5,INTERNAL_PROVENANCE,"Useful for development or reviewer traceability, but unnecessary in a compact public repository."
N14,n14_near_duplicate_threshold,supplement,notebook14_hygd_near_duplicate_threshold_summary.csv,Near-duplicate threshold audit.,True,1683,16,10,PUBLIC_SUPPLEMENT,Derived supporting evidence suitable for supplementary reproducibility.
N14,n14_exact_duplicate_groups,supplement,notebook14_hygd_exact_duplicate_groups.csv,Exact duplicate groups.,True,2901,10,13,PUBLIC_AFTER_SANITIZATION,Contains local paths and/or file-level identifiers; remove absolute paths and review dataset terms.
N14,n14_smdg_source_metrics,main,notebook14_smdg_source_prevalence_with_metrics.csv,SMDG source-level transportability.,True,16567,18,63,PUBLIC_CORE,"Directly supports a result, method parameter, table, figure, or claim in the current manuscript."
N14,n14_smdg_label_policy,supplement,notebook14_smdg_label_harmonization_policy.csv,SMDG label harmonization policy.,True,3394,13,15,PUBLIC_SUPPLEMENT,Derived supporting evidence suitable for supplementary reproducibility.
N14,n14_reviewer_matrix,main,notebook14_reviewer_response_evidence_matrix.csv,Notebook 14 reviewer response matrix.,True,4032,6,5,INTERNAL_PROVENANCE,"Useful for development or reviewer traceability, but unnecessary in a compact public repository."
N14,n14_manuscript_summary,main,notebook14_manuscript_evidence_summary.csv,Notebook 14 manuscript evidence summary.,True,1793,5,4,INTERNAL_PROVENANCE,"Useful for development or reviewer traceability, but unnecessary in a compact public repository."
N14,n14_notebook16_actions,main,notebook14_to_notebook16_action_items.csv,Notebook 16 action items.,True,1195,5,4,INTERNAL_PROVENANCE,"Useful for development or reviewer traceability, but unnecessary in a compact public repository."
N14,n14_quality_proxy_handoff,main,notebook14_quality_proxy_patient_aggregation_handoff_for_notebook16.json,Notebook 14 quality/proxy/patient handoff.,True,4761,0,0,INTERNAL_PROVENANCE,"Useful for development or reviewer traceability, but unnecessary in a compact public repository."
N15,n15_all_hygd_cohort,main,notebook15_hygd_all_strict_valid_core_audit_cohort.csv,All-HYGD strict-valid core audit cohort.,True,493293,745,25,PUBLIC_AFTER_SANITIZATION,Contains local paths and/or file-level identifiers; remove absolute paths and review dataset terms.
N15,n15_model_load_audit,supplement,notebook15_model_load_audit.csv,Model loading audit.,True,630,2,8,INTERNAL_PROVENANCE,"Useful for development or reviewer traceability, but unnecessary in a compact public repository."
N15,n15_saliency_degradation_ci,main,notebook15_expanded_stratified_saliency_degradation_ci.csv,Saliency randomization degradation CIs.,True,30081,96,18,PUBLIC_CORE,"Directly supports a result, method parameter, table, figure, or claim in the current manuscript."
N15,n15_deletion_insertion_auc_ci,main,notebook15_expanded_stratified_deletion_insertion_auc_guided_minus_random_ci.csv,Insertion/deletion AUC CIs.,True,30348,96,19,PUBLIC_CORE,"Directly supports a result, method parameter, table, figure, or claim in the current manuscript."
N15,n15_perturbation_odoc_random_ci,main,notebook15_expanded_stratified_perturbation_odoc_minus_random_ci.csv,Perturbation OD/OC-minus-random CIs.,True,437384,1296,22,PUBLIC_CORE,"Directly supports a result, method parameter, table, figure, or claim in the current manuscript."
N15,n15_perturbation_method_stability,main,notebook15_expanded_stratified_perturbation_method_stability.csv,Perturbation method stability.,True,7502,72,13,PUBLIC_CORE,"Directly supports a result, method parameter, table, figure, or claim in the current manuscript."
N15,n15_core_endpoint_summary,main,notebook15_expanded_stratified_core_endpoint_summary.csv,Expanded core endpoint summary.,True,922369,2160,26,PUBLIC_CORE,"Directly supports a result, method parameter, table, figure, or claim in the current manuscript."
N15,n15_claim_boundary_full,main,notebook15_expanded_model_claim_boundary_full.csv,Expanded model claim-boundary full table.,True,3450,2,42,PUBLIC_CORE,"Directly supports a result, method parameter, table, figure, or claim in the current manuscript."
N15,n15_claim_boundary_short,main,notebook15_expanded_model_claim_boundary_short.csv,Expanded model claim-boundary short table.,True,916,2,6,PUBLIC_CORE,"Directly supports a result, method parameter, table, figure, or claim in the current manuscript."
N15,n15_expanded_claim_handoff,main,notebook15_expanded_claim_boundary_handoff.json,Notebook 15 expanded claim-boundary handoff.,True,2079,0,0,INTERNAL_PROVENANCE,"Useful for development or reviewer traceability, but unnecessary in a compact public repository."
N14,n14_v36_proxy_morphometric_baseline_vs_e2e,main,notebook14_v36_proxy_morphometric_baseline_vs_end_to_end_hygd.csv,Proxy CDR/morphometric baseline versus end-to-end HYGD classifiers.,True,7375,20,12,PUBLIC_CORE,"Directly supports a result, method parameter, table, figure, or claim in the current manuscript."
N14,n14_v36_proxy_morphometric_oof_predictions,supplement,notebook14_v36_proxy_morphometric_oof_predictions.csv,OOF predictions for proxy morphometric baseline.,True,54368,745,9,PUBLIC_AFTER_SANITIZATION,Contains image/patient identifiers; retain only de-identified or hashed IDs after license review.
N14,n14_v36_end_to_end_prediction_audit,supplement,notebook14_v36_hygd_end_to_end_prediction_audit.csv,Raw/fallback end-to-end prediction audit for HYGD comparator table.,True,61,0,0,EXCLUDE_EMPTY_OR_DIAGNOSTIC,Empty/fallback diagnostic output; not needed to support a manuscript claim.
N14,n14_v36_outside_od_features,supplement,notebook14_v36_outside_od_root_cause_features.csv,Per-image outside-OD forensic features.,True,315580,745,24,PUBLIC_AFTER_SANITIZATION,Contains local paths and/or file-level identifiers; remove absolute paths and review dataset terms.
N14,n14_v36_outside_od_univariate_auc,main,notebook14_v36_outside_od_root_cause_univariate_auc.csv,Univariate outside-OD forensic feature AUROC.,True,6787,34,9,PUBLIC_CORE,"Directly supports a result, method parameter, table, figure, or claim in the current manuscript."
N14,n14_v36_outside_od_top_features,main,notebook14_v36_outside_od_root_cause_top_features.csv,Top outside-OD forensic features.,True,2514,12,9,PUBLIC_CORE,"Directly supports a result, method parameter, table, figure, or claim in the current manuscript."
N14,n14_v36_border_corner_sanitized_manifest,supplement,notebook14_v36_border_corner_sanitized_input_manifest.csv,Manifest for optional border/corner-sanitized inputs; no performance claims without re-inference.,True,328620,745,9,EXCLUDE_OPTIONAL_EXPERIMENT,Optional sanitized-input manifest with no performance claim in the final manuscript.
N14,n14_v36_reviewer_question_handoff,main,notebook14_v36_reviewer_question_handoff.csv,Notebook 14 v3.6 reviewer-question handoff.,True,2626,5,5,INTERNAL_PROVENANCE,"Useful for development or reviewer traceability, but unnecessary in a compact public repository."
N14,n14_v36_manuscript_snippets,main,notebook14_v36_manuscript_snippets_for_notebook16.csv,Notebook 14 v3.6 manuscript snippets.,True,1384,3,3,INTERNAL_PROVENANCE,"Useful for development or reviewer traceability, but unnecessary in a compact public repository."
N15,n15_v36_endpoint_parameter_table,main,notebook15_aqpr_endpoint_parameter_table.csv,AQPR endpoint parameter and reproducibility table.,True,1542,11,4,PUBLIC_CORE,"Directly supports a result, method parameter, table, figure, or claim in the current manuscript."
N15,n15_v36_auc_delta_formula,main,notebook15_insertion_deletion_auc_delta_formula_table.csv,AUC-delta formula and curve-integration details.,True,1424,5,4,PUBLIC_CORE,"Directly supports a result, method parameter, table, figure, or claim in the current manuscript."
N15,n15_v36_full_curves_image,supplement,notebook15_full_insertion_deletion_curve_points_image_level.csv,Full image-level insertion/deletion curve points.,True,5317983,62580,10,PUBLIC_AFTER_SANITIZATION,Contains image/patient identifiers; retain only de-identified or hashed IDs after license review.
N15,n15_v36_full_curves_patient,supplement,notebook15_full_insertion_deletion_curve_points_patient_level.csv,Full patient-level insertion/deletion curve points.,True,1918342,24192,9,PUBLIC_AFTER_SANITIZATION,Contains image/patient identifiers; retain only de-identified or hashed IDs after license review.
N15,n15_v36_mr_saliency_summary,main,notebook15_matched_random_ablation_saliency_summary.csv,Matched-random K/IoU saliency-enrichment ablation.,True,3884,18,12,PUBLIC_CORE,"Directly supports a result, method parameter, table, figure, or claim in the current manuscript."
N15,n15_v36_mr_perturbation_summary,main,notebook15_matched_random_ablation_perturbation_summary.csv,Matched-random K/IoU perturbation-delta ablation.,True,3816,18,14,PUBLIC_CORE,"Directly supports a result, method parameter, table, figure, or claim in the current manuscript."
N15,n15_v36_secondary_occlusion_summary,main,notebook15_secondary_occlusion_attribution_summary.csv,Secondary patch-occlusion attribution robustness check.,True,1190,6,11,PUBLIC_CORE,"Directly supports a result, method parameter, table, figure, or claim in the current manuscript."
N15,n15_v36_secondary_occlusion_curve_patient,supplement,notebook15_secondary_occlusion_deletion_insertion_curve_patient_level.csv,Patch-occlusion patient-level insertion/deletion curves.,True,801846,8904,10,PUBLIC_AFTER_SANITIZATION,Contains image/patient identifiers; retain only de-identified or hashed IDs after license review.
N15,n15_v36_secondary_occlusion_auc_patient,supplement,notebook15_secondary_occlusion_deletion_insertion_auc_patient_level.csv,Patch-occlusion patient-level AUC deltas.,True,45878,636,8,PUBLIC_AFTER_SANITIZATION,Contains image/patient identifiers; retain only de-identified or hashed IDs after license review.
N15,n15_v36_outputs_for_notebook16,main,notebook15_v36_outputs_for_notebook16.csv,Notebook 15 v3.6 output readiness inventory.,True,2031,7,6,INTERNAL_PROVENANCE,"Useful for development or reviewer traceability, but unnecessary in a compact public repository."
N15,n15_v36_reviewer_response_matrix,main,notebook15_v36_reviewer_response_matrix.csv,Notebook 15 v3.6 reviewer-response matrix.,True,1635,5,4,PUBLIC_CORE,"Directly supports a result, method parameter, table, figure, or claim in the current manuscript."
N15,n15_v36_robustness_handoff,main,notebook15_v36_robustness_handoff_for_notebook16.json,Notebook 15 v3.6 robustness handoff for Notebook 16.,True,3952,0,0,INTERNAL_PROVENANCE,"Useful for development or reviewer traceability, but unnecessary in a compact public repository."
