source_type,source_path,repository_path,action,status,reason
notebook,${AQPR_PROJECT_ROOT}/notebooks/01_hygd_metadata_cleaning_and_audit.ipynb,notebooks/core/01_hygd_data_audit.ipynb,CURATE_AND_COPY,PREVIEW_CREATED,Supports the HYGD cohort definition and audit metadata.
notebook,${AQPR_PROJECT_ROOT}/notebooks/02_hygd_patient_safe_splits_and_groupkfold.ipynb,notebooks/core/02_patient_safe_splits.ipynb,CURATE_AND_COPY,PREVIEW_CREATED,Supports patient-safe partitioning and no patient overlap claims.
notebook,${AQPR_PROJECT_ROOT}/notebooks/03_fundus_preprocessing_fov_quality_audit.ipynb,notebooks/core/03_quality_preprocessing_audit.ipynb,CURATE_AND_COPY,PREVIEW_CREATED,Supports the preprocessing-derived quality score and FOV checks.
notebook,${AQPR_PROJECT_ROOT}/notebooks/04_external_od_oc_segmentor_training_and_validation.ipynb,notebooks/core/04_od_oc_segmenter_development.ipynb,CURATE_AND_COPY,PREVIEW_CREATED,Supports independent OD/OC proxy development. Methodological content is preserved.
notebook,${AQPR_PROJECT_ROOT}/notebooks/05_train_external_od_oc_segmentors_cross_dataset_validation.ipynb,notebooks/core/05_segmenter_cross_dataset_validation.ipynb,CURATE_AND_COPY,PREVIEW_CREATED,Supports the selected ResidualUNetLite proxy and reported external Dice evidence. Methodological content is preserved.
notebook,${AQPR_PROJECT_ROOT}/notebooks/06_apply_final_od_oc_segmentor_to_hygd_anatomical_proxy.ipynb,notebooks/core/06_hygd_proxy_generation.ipynb,CURATE_AND_COPY,PREVIEW_CREATED,Generates the HYGD OD/OC proxy and strict-valid QC used by AQPR.
notebook,${AQPR_PROJECT_ROOT}/notebooks/07_train_or_load_airogs_light_glaucoma_classifiers.ipynb.ipynb,notebooks/core/07_classifier_panel_training.ipynb,CURATE_AND_COPY,PREVIEW_CREATED,"Supports the AIROGS-light classifier panel, internal evaluation, and freezing before external audit."
notebook,${AQPR_PROJECT_ROOT}/notebooks/08_anatomical_explainability_validation.ipynb,notebooks/core/08_anatomical_xai.ipynb,CURATE_AND_COPY,PREVIEW_CREATED,Supports Grad-CAM/Grad-CAM++/IG localization and anatomical enrichment analyses.
notebook,${AQPR_PROJECT_ROOT}/notebooks/09_anatomy_ablation_and_shortcut_controls.ipynb,notebooks/core/09_shortcut_controls.ipynb,CURATE_AND_COPY,PREVIEW_CREATED,"Supports anatomy-guided perturbations, matched-random controls, and shortcut stress tests."
notebook,${AQPR_PROJECT_ROOT}/notebooks/10_anatomy_constrained_classifier_training.ipynb,notebooks/exploratory/10_anatomy_constrained_training.ipynb,CURATE_AND_COPY,PREVIEW_CREATED,"Retained for transparency. These HYGD-based exploratory models were not used to define, select, threshold, or calibrate the frozen classifier panel reported in the final manuscript."
notebook,${AQPR_PROJECT_ROOT}/notebooks/11_hybrid_anatomy_aware_classifier_training.ipynb,notebooks/exploratory/11_hybrid_anatomy_aware_training.ipynb,CURATE_AND_COPY,PREVIEW_CREATED,Retained for transparency. The hybrid candidate was not used for the final external AQPR claims or the frozen article classifier panel.
notebook,${AQPR_PROJECT_ROOT}/notebooks/12_integrated_internal_model_audit_and_freezing.ipynb,notebooks/core/12_model_freezing_audit.ipynb,CURATE_AND_COPY,PREVIEW_CREATED,Supports the frozen model panel and separation between development and external reliability assessment.
notebook,${AQPR_PROJECT_ROOT}/notebooks/13_external_validation_dataset_selection_and_preparation.ipynb,notebooks/core/13_external_transportability.ipynb,CURATE_AND_COPY,PREVIEW_CREATED,"Supports source-wise SMDG transportability, label harmonization, and frozen temperature-scaling analyses."
notebook,${AQPR_PROJECT_ROOT}/notebooks/14_hygd_smdg_domain_shift_audit_reviewer_ready_v36_extensions_cell11fix.ipynb,notebooks/core/14_quality_patient_domain_shift.ipynb,CURATE_AND_COPY,PREVIEW_CREATED,"Supports quality strata, patient aggregation, duplicate forensics, source transportability, and outside-OD analyses."
notebook,${AQPR_PROJECT_ROOT}/notebooks/15_aqpr_expanded_core_audit_all_hygd_v36_robustness_reviewfix.ipynb,notebooks/core/15_expanded_aqpr_endpoints.ipynb,CURATE_AND_COPY,PREVIEW_CREATED,"Supports saliency sanity, insertion/deletion, perturbation, matched-random sensitivity, and patch-occlusion safeguards."
notebook,${AQPR_PROJECT_ROOT}/notebooks/16_ict_express_revision_tables_figures_and_response_package_v36.ipynb,notebooks/core/16_paper_outputs.ipynb,CURATE_AND_COPY,PREVIEW_CREATED,"Generates the compact tables, supplementary evidence, and plot-only reference outputs used by the current article version."
exploratory_result,notebook10_anatomy_constrained_experiment_plan.csv,results/exploratory/notebook10/experiment_plan.csv,SANITIZE_AND_COPY,PREVIEW_CREATED,Compact aggregate/configuration output retained with exploratory Notebook 10 or 11.
exploratory_result,notebook10_anatomy_constrained_training_config.json,results/exploratory/notebook10/training_config.json,SANITIZE_AND_COPY,PREVIEW_CREATED,Compact aggregate/configuration output retained with exploratory Notebook 10 or 11.
exploratory_result,notebook10_primary_full_image_vs_anatomy_summary.csv,results/exploratory/notebook10/full_image_vs_anatomy_summary.csv,SANITIZE_AND_COPY,PREVIEW_CREATED,Compact aggregate/configuration output retained with exploratory Notebook 10 or 11.
exploratory_result,notebook10_final_synthesis.csv,results/exploratory/notebook10/final_synthesis.csv,SANITIZE_AND_COPY,PREVIEW_CREATED,Compact aggregate/configuration output retained with exploratory Notebook 10 or 11.
exploratory_result,notebook10_final_status.json,results/exploratory/notebook10/final_status.json,SANITIZE_AND_COPY,PREVIEW_CREATED,Compact aggregate/configuration output retained with exploratory Notebook 10 or 11.
exploratory_result,notebook11_hybrid_experiment_plan.csv,results/exploratory/notebook11/experiment_plan.csv,SANITIZE_AND_COPY,PREVIEW_CREATED,Compact aggregate/configuration output retained with exploratory Notebook 10 or 11.
exploratory_result,notebook11_hybrid_training_config.json,results/exploratory/notebook11/training_config.json,SANITIZE_AND_COPY,PREVIEW_CREATED,Compact aggregate/configuration output retained with exploratory Notebook 10 or 11.
exploratory_result,notebook11_primary_hybrid_vs_internal_baselines_summary.csv,results/exploratory/notebook11/hybrid_vs_baselines_summary.csv,SANITIZE_AND_COPY,PREVIEW_CREATED,Compact aggregate/configuration output retained with exploratory Notebook 10 or 11.
exploratory_result,notebook11_final_synthesis.csv,results/exploratory/notebook11/final_synthesis.csv,SANITIZE_AND_COPY,PREVIEW_CREATED,Compact aggregate/configuration output retained with exploratory Notebook 10 or 11.
exploratory_result,notebook11_final_status.json,results/exploratory/notebook11/final_status.json,SANITIZE_AND_COPY,PREVIEW_CREATED,Compact aggregate/configuration output retained with exploratory Notebook 10 or 11.
paper_artifact_v36,${AQPR_PROJECT_ROOT}/results/16_ict_express_revision_tables_figures_and_response_package_v36/tables/final_main_table_dataset_roles_and_frozen_component_development.csv,results/main_tables/final_main_table_dataset_roles_and_frozen_component_development.csv,COPY,PLANNED,Direct manuscript table or compact supporting table.
paper_artifact_v36,${AQPR_PROJECT_ROOT}/results/16_ict_express_revision_tables_figures_and_response_package_v36/tables/final_main_table_hygd_quality_proxy_patient_aqpr.csv,results/main_tables/final_main_table_hygd_quality_proxy_patient_aqpr.csv,COPY,PLANNED,Direct manuscript table or compact supporting table.
paper_artifact_v36,${AQPR_PROJECT_ROOT}/results/16_ict_express_revision_tables_figures_and_response_package_v36/tables/final_main_table_hygd_proxy_cdr_face_validity.csv,results/main_tables/final_main_table_hygd_proxy_cdr_face_validity.csv,COPY,PLANNED,Direct manuscript table or compact supporting table.
paper_artifact_v36,${AQPR_PROJECT_ROOT}/results/16_ict_express_revision_tables_figures_and_response_package_v36/tables/final_main_table_expanded_model_claim_boundary.csv,results/main_tables/final_main_table_expanded_model_claim_boundary.csv,COPY,PLANNED,Direct manuscript table or compact supporting table.
paper_artifact_v36,${AQPR_PROJECT_ROOT}/results/16_ict_express_revision_tables_figures_and_response_package_v36/tables/final_supp_table_expanded_model_claim_boundary_numeric_anchors.csv,results/main_tables/final_supp_table_expanded_model_claim_boundary_numeric_anchors.csv,COPY,PLANNED,Direct manuscript table or compact supporting table.
paper_artifact_v36,${AQPR_PROJECT_ROOT}/results/16_ict_express_revision_tables_figures_and_response_package_v36/tables/final_main_table_smdg_source_transportability.csv,results/main_tables/final_main_table_smdg_source_transportability.csv,COPY,PLANNED,Direct manuscript table or compact supporting table.
paper_artifact_v36,${AQPR_PROJECT_ROOT}/results/16_ict_express_revision_tables_figures_and_response_package_v36/tables/final_main_table_smdg_source_calibration_primary.csv,results/main_tables/final_main_table_smdg_source_calibration_primary.csv,COPY,PLANNED,Direct manuscript table or compact supporting table.
paper_artifact_v36,${AQPR_PROJECT_ROOT}/results/16_ict_express_revision_tables_figures_and_response_package_v36/tables/final_supp_table_smdg_global_calibration.csv,results/main_tables/final_supp_table_smdg_global_calibration.csv,COPY,PLANNED,Direct manuscript table or compact supporting table.
paper_artifact_v36,${AQPR_PROJECT_ROOT}/results/16_ict_express_revision_tables_figures_and_response_package_v36/tables/final_supp_table_hygd_patient_aggregation_robustness.csv,results/main_tables/final_supp_table_hygd_patient_aggregation_robustness.csv,COPY,PLANNED,Direct manuscript table or compact supporting table.
paper_artifact_v36,${AQPR_PROJECT_ROOT}/results/16_ict_express_revision_tables_figures_and_response_package_v36/tables/final_reviewer_response_master_matrix_v36.csv,,OMIT,OMITTED,"Reviewer/claim-management table, not a reproducibility result."
paper_artifact_v36,${AQPR_PROJECT_ROOT}/results/16_ict_express_revision_tables_figures_and_response_package_v36/tables/final_manuscript_claim_boundary_audit_v36.csv,,OMIT,OMITTED,"Reviewer/claim-management table, not a reproducibility result."
paper_artifact_v36,${AQPR_PROJECT_ROOT}/results/16_ict_express_revision_tables_figures_and_response_package_v36/latex_tables/final_main_table_dataset_roles_and_frozen_component_development.tex,,OMIT,OMITTED,LaTeX duplicate of a CSV table; useful but nonessential in a minimal repository.
paper_artifact_v36,${AQPR_PROJECT_ROOT}/results/16_ict_express_revision_tables_figures_and_response_package_v36/latex_tables/final_main_table_expanded_model_claim_boundary.tex,,OMIT,OMITTED,LaTeX duplicate of a CSV table; useful but nonessential in a minimal repository.
paper_artifact_v36,${AQPR_PROJECT_ROOT}/results/16_ict_express_revision_tables_figures_and_response_package_v36/latex_tables/final_main_table_hygd_proxy_cdr_face_validity.tex,,OMIT,OMITTED,LaTeX duplicate of a CSV table; useful but nonessential in a minimal repository.
paper_artifact_v36,${AQPR_PROJECT_ROOT}/results/16_ict_express_revision_tables_figures_and_response_package_v36/latex_tables/final_main_table_hygd_quality_proxy_patient_aqpr.tex,,OMIT,OMITTED,LaTeX duplicate of a CSV table; useful but nonessential in a minimal repository.
paper_artifact_v36,${AQPR_PROJECT_ROOT}/results/16_ict_express_revision_tables_figures_and_response_package_v36/latex_tables/final_main_table_smdg_source_calibration_primary.tex,,OMIT,OMITTED,LaTeX duplicate of a CSV table; useful but nonessential in a minimal repository.
paper_artifact_v36,${AQPR_PROJECT_ROOT}/results/16_ict_express_revision_tables_figures_and_response_package_v36/latex_tables/final_main_table_smdg_source_transportability.tex,,OMIT,OMITTED,LaTeX duplicate of a CSV table; useful but nonessential in a minimal repository.
paper_artifact_v36,${AQPR_PROJECT_ROOT}/results/16_ict_express_revision_tables_figures_and_response_package_v36/latex_tables/final_manuscript_claim_boundary_audit_v36.tex,,OMIT,OMITTED,LaTeX duplicate of a CSV table; useful but nonessential in a minimal repository.
paper_artifact_v36,${AQPR_PROJECT_ROOT}/results/16_ict_express_revision_tables_figures_and_response_package_v36/latex_tables/final_reviewer_response_master_matrix_v36.tex,,OMIT,OMITTED,LaTeX duplicate of a CSV table; useful but nonessential in a minimal repository.
paper_artifact_v36,${AQPR_PROJECT_ROOT}/results/16_ict_express_revision_tables_figures_and_response_package_v36/latex_tables/final_supp_table_expanded_model_claim_boundary_numeric_anchors.tex,,OMIT,OMITTED,LaTeX duplicate of a CSV table; useful but nonessential in a minimal repository.
paper_artifact_v36,${AQPR_PROJECT_ROOT}/results/16_ict_express_revision_tables_figures_and_response_package_v36/latex_tables/final_supp_table_hygd_patient_aggregation_robustness.tex,,OMIT,OMITTED,LaTeX duplicate of a CSV table; useful but nonessential in a minimal repository.
paper_artifact_v36,${AQPR_PROJECT_ROOT}/results/16_ict_express_revision_tables_figures_and_response_package_v36/latex_tables/final_supp_table_smdg_global_calibration.tex,,OMIT,OMITTED,LaTeX duplicate of a CSV table; useful but nonessential in a minimal repository.
paper_artifact_v36,${AQPR_PROJECT_ROOT}/results/16_ict_express_revision_tables_figures_and_response_package_v36/latex_tables/final_v36_table_matched_random_robustness_compact.tex,,OMIT,OMITTED,LaTeX duplicate of a CSV table; useful but nonessential in a minimal repository.
paper_artifact_v36,${AQPR_PROJECT_ROOT}/results/16_ict_express_revision_tables_figures_and_response_package_v36/latex_tables/final_v36_table_outside_od_root_cause_top_features.tex,,OMIT,OMITTED,LaTeX duplicate of a CSV table; useful but nonessential in a minimal repository.
paper_artifact_v36,${AQPR_PROJECT_ROOT}/results/16_ict_express_revision_tables_figures_and_response_package_v36/latex_tables/final_v36_table_proxy_morphometric_vs_end_to_end.tex,,OMIT,OMITTED,LaTeX duplicate of a CSV table; useful but nonessential in a minimal repository.
paper_artifact_v36,${AQPR_PROJECT_ROOT}/results/16_ict_express_revision_tables_figures_and_response_package_v36/latex_tables/final_v36_table_secondary_patch_occlusion_robustness.tex,,OMIT,OMITTED,LaTeX duplicate of a CSV table; useful but nonessential in a minimal repository.
paper_artifact_v36,${AQPR_PROJECT_ROOT}/results/16_ict_express_revision_tables_figures_and_response_package_v36/supplementary_tables/S01_smdg_global_calibration_raw_vs_scaled.csv,results/supplementary/S01_smdg_global_calibration_raw_vs_scaled.csv,COPY,PLANNED,Derived aggregate or curve data supporting the manuscript and supplement.
paper_artifact_v36,${AQPR_PROJECT_ROOT}/results/16_ict_express_revision_tables_figures_and_response_package_v36/supplementary_tables/S02_smdg_source_calibration_primary_full.csv,results/supplementary/S02_smdg_source_calibration_primary_full.csv,COPY,PLANNED,Derived aggregate or curve data supporting the manuscript and supplement.
paper_artifact_v36,${AQPR_PROJECT_ROOT}/results/16_ict_express_revision_tables_figures_and_response_package_v36/supplementary_tables/S03_smdg_source_calibration_all_models.csv,results/supplementary/S03_smdg_source_calibration_all_models.csv,COPY,PLANNED,Derived aggregate or curve data supporting the manuscript and supplement.
paper_artifact_v36,${AQPR_PROJECT_ROOT}/results/16_ict_express_revision_tables_figures_and_response_package_v36/supplementary_tables/S04_smdg_source_metric_eligibility.csv,results/supplementary/S04_smdg_source_metric_eligibility.csv,COPY,PLANNED,Derived aggregate or curve data supporting the manuscript and supplement.
paper_artifact_v36,${AQPR_PROJECT_ROOT}/results/16_ict_express_revision_tables_figures_and_response_package_v36/supplementary_tables/S05_smdg_reliability_bins.csv,results/supplementary/S05_smdg_reliability_bins.csv,COPY,PLANNED,Derived aggregate or curve data supporting the manuscript and supplement.
paper_artifact_v36,${AQPR_PROJECT_ROOT}/results/16_ict_express_revision_tables_figures_and_response_package_v36/supplementary_tables/S06_hygd_quality_score_definition.csv,results/supplementary/S06_hygd_quality_score_definition.csv,COPY,PLANNED,Derived aggregate or curve data supporting the manuscript and supplement.
paper_artifact_v36,${AQPR_PROJECT_ROOT}/results/16_ict_express_revision_tables_figures_and_response_package_v36/supplementary_tables/S07_hygd_quality_tertile_thresholds.csv,results/supplementary/S07_hygd_quality_tertile_thresholds.csv,COPY,PLANNED,Derived aggregate or curve data supporting the manuscript and supplement.
paper_artifact_v36,${AQPR_PROJECT_ROOT}/results/16_ict_express_revision_tables_figures_and_response_package_v36/supplementary_tables/S08_hygd_proxy_quality_evidence.csv,results/supplementary/S08_hygd_proxy_quality_evidence.csv,COPY,PLANNED,Derived aggregate or curve data supporting the manuscript and supplement.
paper_artifact_v36,${AQPR_PROJECT_ROOT}/results/16_ict_express_revision_tables_figures_and_response_package_v36/supplementary_tables/S09_hygd_proxy_cdr_difference.csv,results/supplementary/S09_hygd_proxy_cdr_difference.csv,COPY,PLANNED,Derived aggregate or curve data supporting the manuscript and supplement.
paper_artifact_v36,${AQPR_PROJECT_ROOT}/results/16_ict_express_revision_tables_figures_and_response_package_v36/supplementary_tables/S10_hygd_proxy_failure_audit.csv,results/pending_license_and_sanitization/S10_hygd_proxy_failure_audit.csv,HOLD,PENDING_REVIEW,Row-level identifiers and/or internal paths require cleaning and license review.
paper_artifact_v36,${AQPR_PROJECT_ROOT}/results/16_ict_express_revision_tables_figures_and_response_package_v36/supplementary_tables/S11_hygd_patient_aggregation_robustness_long.csv,results/pending_license_and_sanitization/S11_hygd_patient_aggregation_robustness_long.csv,HOLD,PENDING_REVIEW,Row-level identifiers and/or internal paths require cleaning and license review.
paper_artifact_v36,${AQPR_PROJECT_ROOT}/results/16_ict_express_revision_tables_figures_and_response_package_v36/supplementary_tables/S12_hygd_patient_aggregation_robustness_compact.csv,results/supplementary/S12_hygd_patient_aggregation_robustness_compact.csv,COPY,PLANNED,Derived aggregate or curve data supporting the manuscript and supplement.
paper_artifact_v36,${AQPR_PROJECT_ROOT}/results/16_ict_express_revision_tables_figures_and_response_package_v36/supplementary_tables/S13_hygd_near_duplicate_threshold_summary.csv,results/supplementary/S13_hygd_near_duplicate_threshold_summary.csv,COPY,PLANNED,Derived aggregate or curve data supporting the manuscript and supplement.
paper_artifact_v36,${AQPR_PROJECT_ROOT}/results/16_ict_express_revision_tables_figures_and_response_package_v36/supplementary_tables/S14_hygd_exact_duplicate_groups.csv,results/pending_license_and_sanitization/S14_hygd_exact_duplicate_groups.csv,HOLD,PENDING_REVIEW,Row-level identifiers and/or internal paths require cleaning and license review.
paper_artifact_v36,${AQPR_PROJECT_ROOT}/results/16_ict_express_revision_tables_figures_and_response_package_v36/supplementary_tables/S15_smdg_label_harmonization_policy.csv,results/supplementary/S15_smdg_label_harmonization_policy.csv,COPY,PLANNED,Derived aggregate or curve data supporting the manuscript and supplement.
paper_artifact_v36,${AQPR_PROJECT_ROOT}/results/16_ict_express_revision_tables_figures_and_response_package_v36/supplementary_tables/S16_notebook15_all_hygd_audit_cohort.csv,results/pending_license_and_sanitization/S16_notebook15_all_hygd_audit_cohort.csv,HOLD,PENDING_REVIEW,Row-level identifiers and/or internal paths require cleaning and license review.
paper_artifact_v36,${AQPR_PROJECT_ROOT}/results/16_ict_express_revision_tables_figures_and_response_package_v36/supplementary_tables/S17_saliency_sanity_degradation_ci.csv,results/supplementary/S17_saliency_sanity_degradation_ci.csv,COPY,PLANNED,Derived aggregate or curve data supporting the manuscript and supplement.
paper_artifact_v36,${AQPR_PROJECT_ROOT}/results/16_ict_express_revision_tables_figures_and_response_package_v36/supplementary_tables/S18_deletion_insertion_auc_guided_minus_random_ci.csv,results/supplementary/S18_deletion_insertion_auc_guided_minus_random_ci.csv,COPY,PLANNED,Derived aggregate or curve data supporting the manuscript and supplement.
paper_artifact_v36,${AQPR_PROJECT_ROOT}/results/16_ict_express_revision_tables_figures_and_response_package_v36/supplementary_tables/S19_perturbation_odoc_minus_random_ci.csv,results/supplementary/S19_perturbation_odoc_minus_random_ci.csv,COPY,PLANNED,Derived aggregate or curve data supporting the manuscript and supplement.
paper_artifact_v36,${AQPR_PROJECT_ROOT}/results/16_ict_express_revision_tables_figures_and_response_package_v36/supplementary_tables/S20_perturbation_method_stability.csv,results/supplementary/S20_perturbation_method_stability.csv,COPY,PLANNED,Derived aggregate or curve data supporting the manuscript and supplement.
paper_artifact_v36,${AQPR_PROJECT_ROOT}/results/16_ict_express_revision_tables_figures_and_response_package_v36/supplementary_tables/S21_expanded_claim_boundary_full.csv,results/supplementary/S21_expanded_claim_boundary_full.csv,COPY,PLANNED,Derived aggregate or curve data supporting the manuscript and supplement.
paper_artifact_v36,${AQPR_PROJECT_ROOT}/results/16_ict_express_revision_tables_figures_and_response_package_v36/supplementary_tables/S22_v36_endpoint_parameter_table.csv,results/supplementary/S22_v36_endpoint_parameter_table.csv,COPY,PLANNED,Derived aggregate or curve data supporting the manuscript and supplement.
paper_artifact_v36,${AQPR_PROJECT_ROOT}/results/16_ict_express_revision_tables_figures_and_response_package_v36/supplementary_tables/S23_v36_auc_delta_formula_table.csv,results/supplementary/S23_v36_auc_delta_formula_table.csv,COPY,PLANNED,Derived aggregate or curve data supporting the manuscript and supplement.
paper_artifact_v36,${AQPR_PROJECT_ROOT}/results/16_ict_express_revision_tables_figures_and_response_package_v36/supplementary_tables/S24_v36_full_insertion_deletion_curves_patient.csv,results/pending_license_and_sanitization/S24_v36_full_insertion_deletion_curves_patient.csv,HOLD,PENDING_REVIEW,Row-level identifiers and/or internal paths require cleaning and license review.
paper_artifact_v36,${AQPR_PROJECT_ROOT}/results/16_ict_express_revision_tables_figures_and_response_package_v36/supplementary_tables/S25_v36_matched_random_saliency_ablation.csv,results/supplementary/S25_v36_matched_random_saliency_ablation.csv,COPY,PLANNED,Derived aggregate or curve data supporting the manuscript and supplement.
paper_artifact_v36,${AQPR_PROJECT_ROOT}/results/16_ict_express_revision_tables_figures_and_response_package_v36/supplementary_tables/S26_v36_matched_random_perturbation_ablation.csv,results/supplementary/S26_v36_matched_random_perturbation_ablation.csv,COPY,PLANNED,Derived aggregate or curve data supporting the manuscript and supplement.
paper_artifact_v36,${AQPR_PROJECT_ROOT}/results/16_ict_express_revision_tables_figures_and_response_package_v36/supplementary_tables/S27_v36_secondary_patch_occlusion_summary.csv,results/supplementary/S27_v36_secondary_patch_occlusion_summary.csv,COPY,PLANNED,Derived aggregate or curve data supporting the manuscript and supplement.
paper_artifact_v36,${AQPR_PROJECT_ROOT}/results/16_ict_express_revision_tables_figures_and_response_package_v36/supplementary_tables/S28_v36_secondary_patch_occlusion_auc_patient.csv,results/pending_license_and_sanitization/S28_v36_secondary_patch_occlusion_auc_patient.csv,HOLD,PENDING_REVIEW,Row-level identifiers and/or internal paths require cleaning and license review.
paper_artifact_v36,${AQPR_PROJECT_ROOT}/results/16_ict_express_revision_tables_figures_and_response_package_v36/supplementary_tables/S29_v36_proxy_morphometric_vs_end_to_end_hygd.csv,results/supplementary/S29_v36_proxy_morphometric_vs_end_to_end_hygd.csv,COPY,PLANNED,Derived aggregate or curve data supporting the manuscript and supplement.
paper_artifact_v36,${AQPR_PROJECT_ROOT}/results/16_ict_express_revision_tables_figures_and_response_package_v36/supplementary_tables/S30_v36_outside_od_root_cause_top_features.csv,results/supplementary/S30_v36_outside_od_root_cause_top_features.csv,COPY,PLANNED,Derived aggregate or curve data supporting the manuscript and supplement.
paper_artifact_v36,${AQPR_PROJECT_ROOT}/results/16_ict_express_revision_tables_figures_and_response_package_v36/supplementary_tables/S31_v36_outside_od_root_cause_univariate_auc.csv,results/supplementary/S31_v36_outside_od_root_cause_univariate_auc.csv,COPY,PLANNED,Derived aggregate or curve data supporting the manuscript and supplement.
paper_artifact_v36,${AQPR_PROJECT_ROOT}/results/16_ict_express_revision_tables_figures_and_response_package_v36/supplementary_tables/S32_v36_outside_od_root_cause_features.csv,results/pending_license_and_sanitization/S32_v36_outside_od_root_cause_features.csv,HOLD,PENDING_REVIEW,Row-level identifiers and/or internal paths require cleaning and license review.
paper_artifact_v36,${AQPR_PROJECT_ROOT}/results/16_ict_express_revision_tables_figures_and_response_package_v36/supplementary_tables/S33_v36_border_corner_sanitized_manifest.csv,,OMIT,OMITTED,Optional sanitized-image manifest not used for final performance claims.
paper_artifact_v36,${AQPR_PROJECT_ROOT}/results/16_ict_express_revision_tables_figures_and_response_package_v36/supplementary_tables/supplementary_table_inventory.csv,,OMIT,OMITTED,Navigation inventory rather than scientific evidence.
paper_artifact_v36,${AQPR_PROJECT_ROOT}/results/16_ict_express_revision_tables_figures_and_response_package_v36/figures/final_notebook13_figure_smdg_reliability_pooled_raw_vs_scaled_primary_model.pdf,results/reference_figures/final_notebook13_figure_smdg_reliability_pooled_raw_vs_scaled_primary_model.pdf,COPY,PLANNED,Plot-only artifact in the v3.6 package; suitable for release.
paper_artifact_v36,${AQPR_PROJECT_ROOT}/results/16_ict_express_revision_tables_figures_and_response_package_v36/figures/final_notebook13_figure_smdg_reliability_pooled_raw_vs_scaled_primary_model.png,results/reference_figures/final_notebook13_figure_smdg_reliability_pooled_raw_vs_scaled_primary_model.png,COPY,PLANNED,Plot-only artifact in the v3.6 package; suitable for release.
paper_artifact_v36,${AQPR_PROJECT_ROOT}/results/16_ict_express_revision_tables_figures_and_response_package_v36/figures/final_notebook13_figure_smdg_reliability_representative_sources_raw_vs_scaled_primary_model.pdf,results/reference_figures/final_notebook13_figure_smdg_reliability_representative_sources_raw_vs_scaled_primary_model.pdf,COPY,PLANNED,Plot-only artifact in the v3.6 package; suitable for release.
paper_artifact_v36,${AQPR_PROJECT_ROOT}/results/16_ict_express_revision_tables_figures_and_response_package_v36/figures/final_notebook13_figure_smdg_reliability_representative_sources_raw_vs_scaled_primary_model.png,results/reference_figures/final_notebook13_figure_smdg_reliability_representative_sources_raw_vs_scaled_primary_model.png,COPY,PLANNED,Plot-only artifact in the v3.6 package; suitable for release.
paper_artifact_v36,${AQPR_PROJECT_ROOT}/results/16_ict_express_revision_tables_figures_and_response_package_v36/figures/final_notebook14_notebook14_figure_hygd_forensic_duplicate_audit.pdf,results/reference_figures/final_notebook14_notebook14_figure_hygd_forensic_duplicate_audit.pdf,COPY,PLANNED,Plot-only artifact in the v3.6 package; suitable for release.
paper_artifact_v36,${AQPR_PROJECT_ROOT}/results/16_ict_express_revision_tables_figures_and_response_package_v36/figures/final_notebook14_notebook14_figure_hygd_forensic_duplicate_audit.png,results/reference_figures/final_notebook14_notebook14_figure_hygd_forensic_duplicate_audit.png,COPY,PLANNED,Plot-only artifact in the v3.6 package; suitable for release.
paper_artifact_v36,${AQPR_PROJECT_ROOT}/results/16_ict_express_revision_tables_figures_and_response_package_v36/figures/final_notebook14_notebook14_figure_hygd_quality_stratified_aqpr.pdf,results/reference_figures/final_notebook14_notebook14_figure_hygd_quality_stratified_aqpr.pdf,COPY,PLANNED,Plot-only artifact in the v3.6 package; suitable for release.
paper_artifact_v36,${AQPR_PROJECT_ROOT}/results/16_ict_express_revision_tables_figures_and_response_package_v36/figures/final_notebook14_notebook14_figure_hygd_quality_stratified_aqpr.png,results/reference_figures/final_notebook14_notebook14_figure_hygd_quality_stratified_aqpr.png,COPY,PLANNED,Plot-only artifact in the v3.6 package; suitable for release.
paper_artifact_v36,${AQPR_PROJECT_ROOT}/results/16_ict_express_revision_tables_figures_and_response_package_v36/figures/final_notebook14_notebook14_figure_smdg_source_shift_prevalence.pdf,results/reference_figures/final_notebook14_notebook14_figure_smdg_source_shift_prevalence.pdf,COPY,PLANNED,Plot-only artifact in the v3.6 package; suitable for release.
paper_artifact_v36,${AQPR_PROJECT_ROOT}/results/16_ict_express_revision_tables_figures_and_response_package_v36/figures/final_notebook14_notebook14_figure_smdg_source_shift_prevalence.png,results/reference_figures/final_notebook14_notebook14_figure_smdg_source_shift_prevalence.png,COPY,PLANNED,Plot-only artifact in the v3.6 package; suitable for release.
paper_artifact_v36,${AQPR_PROJECT_ROOT}/results/16_ict_express_revision_tables_figures_and_response_package_v36/figures/final_notebook15_notebook15_figure_deletion_insertion_faithfulness.pdf,results/reference_figures/final_notebook15_notebook15_figure_deletion_insertion_faithfulness.pdf,COPY,PLANNED,Plot-only artifact in the v3.6 package; suitable for release.
paper_artifact_v36,${AQPR_PROJECT_ROOT}/results/16_ict_express_revision_tables_figures_and_response_package_v36/figures/final_notebook15_notebook15_figure_deletion_insertion_faithfulness.png,results/reference_figures/final_notebook15_notebook15_figure_deletion_insertion_faithfulness.png,COPY,PLANNED,Plot-only artifact in the v3.6 package; suitable for release.
paper_artifact_v36,${AQPR_PROJECT_ROOT}/results/16_ict_express_revision_tables_figures_and_response_package_v36/figures/final_notebook15_notebook15_figure_perturbation_sensitivity.pdf,results/reference_figures/final_notebook15_notebook15_figure_perturbation_sensitivity.pdf,COPY,PLANNED,Plot-only artifact in the v3.6 package; suitable for release.
paper_artifact_v36,${AQPR_PROJECT_ROOT}/results/16_ict_express_revision_tables_figures_and_response_package_v36/figures/final_notebook15_notebook15_figure_perturbation_sensitivity.png,results/reference_figures/final_notebook15_notebook15_figure_perturbation_sensitivity.png,COPY,PLANNED,Plot-only artifact in the v3.6 package; suitable for release.
paper_artifact_v36,${AQPR_PROJECT_ROOT}/results/16_ict_express_revision_tables_figures_and_response_package_v36/figures/final_notebook15_notebook15_figure_saliency_sanity.pdf,results/reference_figures/final_notebook15_notebook15_figure_saliency_sanity.pdf,COPY,PLANNED,Plot-only artifact in the v3.6 package; suitable for release.
paper_artifact_v36,${AQPR_PROJECT_ROOT}/results/16_ict_express_revision_tables_figures_and_response_package_v36/figures/final_notebook15_notebook15_figure_saliency_sanity.png,results/reference_figures/final_notebook15_notebook15_figure_saliency_sanity.png,COPY,PLANNED,Plot-only artifact in the v3.6 package; suitable for release.
paper_artifact_v36,${AQPR_PROJECT_ROOT}/results/16_ict_express_revision_tables_figures_and_response_package_v36/text_fragments/abstract_candidate_sentence_v36.md,,OMIT,OMITTED,"Internal manuscript, reviewer, or handoff traceability; omit from the minimal public repository."
paper_artifact_v36,${AQPR_PROJECT_ROOT}/results/16_ict_express_revision_tables_figures_and_response_package_v36/text_fragments/limitations_claim_boundaries_v36.md,,OMIT,OMITTED,"Internal manuscript, reviewer, or handoff traceability; omit from the minimal public repository."
paper_artifact_v36,${AQPR_PROJECT_ROOT}/results/16_ict_express_revision_tables_figures_and_response_package_v36/text_fragments/manuscript_ready_fragments_v36_minor_revision.md,,OMIT,OMITTED,"Internal manuscript, reviewer, or handoff traceability; omit from the minimal public repository."
paper_artifact_v36,${AQPR_PROJECT_ROOT}/results/16_ict_express_revision_tables_figures_and_response_package_v36/text_fragments/methods_guardrails_v36.md,,OMIT,OMITTED,"Internal manuscript, reviewer, or handoff traceability; omit from the minimal public repository."
paper_artifact_v36,${AQPR_PROJECT_ROOT}/results/16_ict_express_revision_tables_figures_and_response_package_v36/text_fragments/methods_quality_patient_aggregation_v36.md,,OMIT,OMITTED,"Internal manuscript, reviewer, or handoff traceability; omit from the minimal public repository."
paper_artifact_v36,${AQPR_PROJECT_ROOT}/results/16_ict_express_revision_tables_figures_and_response_package_v36/text_fragments/results_architecture_dependent_aqpr_v36.md,,OMIT,OMITTED,"Internal manuscript, reviewer, or handoff traceability; omit from the minimal public repository."
paper_artifact_v36,${AQPR_PROJECT_ROOT}/results/16_ict_express_revision_tables_figures_and_response_package_v36/text_fragments/results_matched_random_robustness_v36.md,,OMIT,OMITTED,"Internal manuscript, reviewer, or handoff traceability; omit from the minimal public repository."
paper_artifact_v36,${AQPR_PROJECT_ROOT}/results/16_ict_express_revision_tables_figures_and_response_package_v36/text_fragments/results_outside_od_forensics_v36.md,,OMIT,OMITTED,"Internal manuscript, reviewer, or handoff traceability; omit from the minimal public repository."
paper_artifact_v36,${AQPR_PROJECT_ROOT}/results/16_ict_express_revision_tables_figures_and_response_package_v36/text_fragments/results_proxy_cdr_baseline_v36.md,,OMIT,OMITTED,"Internal manuscript, reviewer, or handoff traceability; omit from the minimal public repository."
paper_artifact_v36,${AQPR_PROJECT_ROOT}/results/16_ict_express_revision_tables_figures_and_response_package_v36/text_fragments/results_proxy_quality_v36.md,,OMIT,OMITTED,"Internal manuscript, reviewer, or handoff traceability; omit from the minimal public repository."
paper_artifact_v36,${AQPR_PROJECT_ROOT}/results/16_ict_express_revision_tables_figures_and_response_package_v36/text_fragments/results_secondary_patch_occlusion_v36.md,,OMIT,OMITTED,"Internal manuscript, reviewer, or handoff traceability; omit from the minimal public repository."
paper_artifact_v36,${AQPR_PROJECT_ROOT}/results/16_ict_express_revision_tables_figures_and_response_package_v36/text_fragments/results_smdg_calibration_v36.md,,OMIT,OMITTED,"Internal manuscript, reviewer, or handoff traceability; omit from the minimal public repository."
paper_artifact_v36,${AQPR_PROJECT_ROOT}/results/16_ict_express_revision_tables_figures_and_response_package_v36/audit/notebook16_v36_complete_evidence_source_registry.csv,,OMIT,OMITTED,"Internal manuscript, reviewer, or handoff traceability; omit from the minimal public repository."
paper_artifact_v36,${AQPR_PROJECT_ROOT}/results/16_ict_express_revision_tables_figures_and_response_package_v36/audit/notebook16_v36_missing_critical_sources.csv,,OMIT,OMITTED,"Internal manuscript, reviewer, or handoff traceability; omit from the minimal public repository."
paper_artifact_v36,${AQPR_PROJECT_ROOT}/results/13_external_validation_dataset_selection_and_preparation/smdg_journal_ready_package/notebook13_smdg_calibration_handoff_for_notebook16.json,,OMIT,OMITTED,"Internal manuscript, reviewer, or handoff traceability; omit from the minimal public repository."
paper_artifact_v36,${AQPR_PROJECT_ROOT}/results/14_hygd_smdg_domain_shift_audit/handoff/notebook14_quality_proxy_patient_aggregation_handoff_for_notebook16.json,,OMIT,OMITTED,"Internal manuscript, reviewer, or handoff traceability; omit from the minimal public repository."
paper_artifact_v36,${AQPR_PROJECT_ROOT}/results/15_aqpr_expanded_core_audit_all_hygd_v31/notebook15_expanded_claim_boundary_handoff.json,,OMIT,OMITTED,"Internal manuscript, reviewer, or handoff traceability; omit from the minimal public repository."
paper_artifact_v36,${AQPR_PROJECT_ROOT}/results/16_ict_express_revision_tables_figures_and_response_package_v36/tables/final_v36_table_matched_random_robustness_compact.csv,results/main_tables/final_v36_table_matched_random_robustness_compact.csv,COPY,PLANNED,Direct manuscript table or compact supporting table.
paper_artifact_v36,${AQPR_PROJECT_ROOT}/results/16_ict_express_revision_tables_figures_and_response_package_v36/tables/final_v36_table_secondary_patch_occlusion_robustness.csv,results/main_tables/final_v36_table_secondary_patch_occlusion_robustness.csv,COPY,PLANNED,Direct manuscript table or compact supporting table.
paper_artifact_v36,${AQPR_PROJECT_ROOT}/results/16_ict_express_revision_tables_figures_and_response_package_v36/tables/final_v36_table_proxy_morphometric_vs_end_to_end.csv,results/main_tables/final_v36_table_proxy_morphometric_vs_end_to_end.csv,COPY,PLANNED,Direct manuscript table or compact supporting table.
paper_artifact_v36,${AQPR_PROJECT_ROOT}/results/16_ict_express_revision_tables_figures_and_response_package_v36/tables/final_v36_table_outside_od_root_cause_top_features.csv,results/main_tables/final_v36_table_outside_od_root_cause_top_features.csv,COPY,PLANNED,Direct manuscript table or compact supporting table.
paper_artifact_v36,${AQPR_PROJECT_ROOT}/results/16_ict_express_revision_tables_figures_and_response_package_v36/tables/final_v36_table_endpoint_parameters.csv,results/main_tables/final_v36_table_endpoint_parameters.csv,COPY,PLANNED,Direct manuscript table or compact supporting table.
paper_artifact_v36,${AQPR_PROJECT_ROOT}/results/16_ict_express_revision_tables_figures_and_response_package_v36/tables/final_v36_table_auc_delta_formula.csv,results/main_tables/final_v36_table_auc_delta_formula.csv,COPY,PLANNED,Direct manuscript table or compact supporting table.
