source_type,source_path,repository_path,action,status,reason,item_type,size_bytes
paper_artifact_v36,${AQPR_PROJECT_ROOT}/results/16_ict_express_revision_tables_figures_and_response_package_v36/tables/final_reviewer_response_master_matrix_v36.csv,,OMIT,OMITTED,"Reviewer/claim-management table, not a reproducibility result.",table_csv,4427
paper_artifact_v36,${AQPR_PROJECT_ROOT}/results/16_ict_express_revision_tables_figures_and_response_package_v36/tables/final_manuscript_claim_boundary_audit_v36.csv,,OMIT,OMITTED,"Reviewer/claim-management table, not a reproducibility result.",table_csv,2956
paper_artifact_v36,${AQPR_PROJECT_ROOT}/results/16_ict_express_revision_tables_figures_and_response_package_v36/latex_tables/final_main_table_dataset_roles_and_frozen_component_development.tex,,OMIT,OMITTED,LaTeX duplicate of a CSV table; useful but nonessential in a minimal repository.,latex_table,2072
paper_artifact_v36,${AQPR_PROJECT_ROOT}/results/16_ict_express_revision_tables_figures_and_response_package_v36/latex_tables/final_main_table_expanded_model_claim_boundary.tex,,OMIT,OMITTED,LaTeX duplicate of a CSV table; useful but nonessential in a minimal repository.,latex_table,1121
paper_artifact_v36,${AQPR_PROJECT_ROOT}/results/16_ict_express_revision_tables_figures_and_response_package_v36/latex_tables/final_main_table_hygd_proxy_cdr_face_validity.tex,,OMIT,OMITTED,LaTeX duplicate of a CSV table; useful but nonessential in a minimal repository.,latex_table,508
paper_artifact_v36,${AQPR_PROJECT_ROOT}/results/16_ict_express_revision_tables_figures_and_response_package_v36/latex_tables/final_main_table_hygd_quality_proxy_patient_aqpr.tex,,OMIT,OMITTED,LaTeX duplicate of a CSV table; useful but nonessential in a minimal repository.,latex_table,1009
paper_artifact_v36,${AQPR_PROJECT_ROOT}/results/16_ict_express_revision_tables_figures_and_response_package_v36/latex_tables/final_main_table_smdg_source_calibration_primary.tex,,OMIT,OMITTED,LaTeX duplicate of a CSV table; useful but nonessential in a minimal repository.,latex_table,3587
paper_artifact_v36,${AQPR_PROJECT_ROOT}/results/16_ict_express_revision_tables_figures_and_response_package_v36/latex_tables/final_main_table_smdg_source_transportability.tex,,OMIT,OMITTED,LaTeX duplicate of a CSV table; useful but nonessential in a minimal repository.,latex_table,2313
paper_artifact_v36,${AQPR_PROJECT_ROOT}/results/16_ict_express_revision_tables_figures_and_response_package_v36/latex_tables/final_manuscript_claim_boundary_audit_v36.tex,,OMIT,OMITTED,LaTeX duplicate of a CSV table; useful but nonessential in a minimal repository.,latex_table,3245
paper_artifact_v36,${AQPR_PROJECT_ROOT}/results/16_ict_express_revision_tables_figures_and_response_package_v36/latex_tables/final_reviewer_response_master_matrix_v36.tex,,OMIT,OMITTED,LaTeX duplicate of a CSV table; useful but nonessential in a minimal repository.,latex_table,4821
paper_artifact_v36,${AQPR_PROJECT_ROOT}/results/16_ict_express_revision_tables_figures_and_response_package_v36/latex_tables/final_supp_table_expanded_model_claim_boundary_numeric_anchors.tex,,OMIT,OMITTED,LaTeX duplicate of a CSV table; useful but nonessential in a minimal repository.,latex_table,1185
paper_artifact_v36,${AQPR_PROJECT_ROOT}/results/16_ict_express_revision_tables_figures_and_response_package_v36/latex_tables/final_supp_table_hygd_patient_aggregation_robustness.tex,,OMIT,OMITTED,LaTeX duplicate of a CSV table; useful but nonessential in a minimal repository.,latex_table,742
paper_artifact_v36,${AQPR_PROJECT_ROOT}/results/16_ict_express_revision_tables_figures_and_response_package_v36/latex_tables/final_supp_table_smdg_global_calibration.tex,,OMIT,OMITTED,LaTeX duplicate of a CSV table; useful but nonessential in a minimal repository.,latex_table,1122
paper_artifact_v36,${AQPR_PROJECT_ROOT}/results/16_ict_express_revision_tables_figures_and_response_package_v36/latex_tables/final_v36_table_matched_random_robustness_compact.tex,,OMIT,OMITTED,LaTeX duplicate of a CSV table; useful but nonessential in a minimal repository.,latex_table,58
paper_artifact_v36,${AQPR_PROJECT_ROOT}/results/16_ict_express_revision_tables_figures_and_response_package_v36/latex_tables/final_v36_table_outside_od_root_cause_top_features.tex,,OMIT,OMITTED,LaTeX duplicate of a CSV table; useful but nonessential in a minimal repository.,latex_table,2752
paper_artifact_v36,${AQPR_PROJECT_ROOT}/results/16_ict_express_revision_tables_figures_and_response_package_v36/latex_tables/final_v36_table_proxy_morphometric_vs_end_to_end.tex,,OMIT,OMITTED,LaTeX duplicate of a CSV table; useful but nonessential in a minimal repository.,latex_table,7877
paper_artifact_v36,${AQPR_PROJECT_ROOT}/results/16_ict_express_revision_tables_figures_and_response_package_v36/latex_tables/final_v36_table_secondary_patch_occlusion_robustness.tex,,OMIT,OMITTED,LaTeX duplicate of a CSV table; useful but nonessential in a minimal repository.,latex_table,1054
paper_artifact_v36,${AQPR_PROJECT_ROOT}/results/16_ict_express_revision_tables_figures_and_response_package_v36/supplementary_tables/S33_v36_border_corner_sanitized_manifest.csv,,OMIT,OMITTED,Optional sanitized-image manifest not used for final performance claims.,supplementary_csv,328620
paper_artifact_v36,${AQPR_PROJECT_ROOT}/results/16_ict_express_revision_tables_figures_and_response_package_v36/supplementary_tables/supplementary_table_inventory.csv,,OMIT,OMITTED,Navigation inventory rather than scientific evidence.,supplementary_csv,13417
paper_artifact_v36,${AQPR_PROJECT_ROOT}/results/16_ict_express_revision_tables_figures_and_response_package_v36/text_fragments/abstract_candidate_sentence_v36.md,,OMIT,OMITTED,"Internal manuscript, reviewer, or handoff traceability; omit from the minimal public repository.",text_fragment,272
paper_artifact_v36,${AQPR_PROJECT_ROOT}/results/16_ict_express_revision_tables_figures_and_response_package_v36/text_fragments/limitations_claim_boundaries_v36.md,,OMIT,OMITTED,"Internal manuscript, reviewer, or handoff traceability; omit from the minimal public repository.",text_fragment,404
paper_artifact_v36,${AQPR_PROJECT_ROOT}/results/16_ict_express_revision_tables_figures_and_response_package_v36/text_fragments/manuscript_ready_fragments_v36_minor_revision.md,,OMIT,OMITTED,"Internal manuscript, reviewer, or handoff traceability; omit from the minimal public repository.",text_fragment,2876
paper_artifact_v36,${AQPR_PROJECT_ROOT}/results/16_ict_express_revision_tables_figures_and_response_package_v36/text_fragments/methods_guardrails_v36.md,,OMIT,OMITTED,"Internal manuscript, reviewer, or handoff traceability; omit from the minimal public repository.",text_fragment,526
paper_artifact_v36,${AQPR_PROJECT_ROOT}/results/16_ict_express_revision_tables_figures_and_response_package_v36/text_fragments/methods_quality_patient_aggregation_v36.md,,OMIT,OMITTED,"Internal manuscript, reviewer, or handoff traceability; omit from the minimal public repository.",text_fragment,461
paper_artifact_v36,${AQPR_PROJECT_ROOT}/results/16_ict_express_revision_tables_figures_and_response_package_v36/text_fragments/results_architecture_dependent_aqpr_v36.md,,OMIT,OMITTED,"Internal manuscript, reviewer, or handoff traceability; omit from the minimal public repository.",text_fragment,504
paper_artifact_v36,${AQPR_PROJECT_ROOT}/results/16_ict_express_revision_tables_figures_and_response_package_v36/text_fragments/results_matched_random_robustness_v36.md,,OMIT,OMITTED,"Internal manuscript, reviewer, or handoff traceability; omit from the minimal public repository.",text_fragment,358
paper_artifact_v36,${AQPR_PROJECT_ROOT}/results/16_ict_express_revision_tables_figures_and_response_package_v36/text_fragments/results_outside_od_forensics_v36.md,,OMIT,OMITTED,"Internal manuscript, reviewer, or handoff traceability; omit from the minimal public repository.",text_fragment,297
paper_artifact_v36,${AQPR_PROJECT_ROOT}/results/16_ict_express_revision_tables_figures_and_response_package_v36/text_fragments/results_proxy_cdr_baseline_v36.md,,OMIT,OMITTED,"Internal manuscript, reviewer, or handoff traceability; omit from the minimal public repository.",text_fragment,302
paper_artifact_v36,${AQPR_PROJECT_ROOT}/results/16_ict_express_revision_tables_figures_and_response_package_v36/text_fragments/results_proxy_quality_v36.md,,OMIT,OMITTED,"Internal manuscript, reviewer, or handoff traceability; omit from the minimal public repository.",text_fragment,377
paper_artifact_v36,${AQPR_PROJECT_ROOT}/results/16_ict_express_revision_tables_figures_and_response_package_v36/text_fragments/results_secondary_patch_occlusion_v36.md,,OMIT,OMITTED,"Internal manuscript, reviewer, or handoff traceability; omit from the minimal public repository.",text_fragment,306
paper_artifact_v36,${AQPR_PROJECT_ROOT}/results/16_ict_express_revision_tables_figures_and_response_package_v36/text_fragments/results_smdg_calibration_v36.md,,OMIT,OMITTED,"Internal manuscript, reviewer, or handoff traceability; omit from the minimal public repository.",text_fragment,363
paper_artifact_v36,${AQPR_PROJECT_ROOT}/results/16_ict_express_revision_tables_figures_and_response_package_v36/audit/notebook16_v36_complete_evidence_source_registry.csv,,OMIT,OMITTED,"Internal manuscript, reviewer, or handoff traceability; omit from the minimal public repository.",audit_csv,27614
paper_artifact_v36,${AQPR_PROJECT_ROOT}/results/16_ict_express_revision_tables_figures_and_response_package_v36/audit/notebook16_v36_missing_critical_sources.csv,,OMIT,OMITTED,"Internal manuscript, reviewer, or handoff traceability; omit from the minimal public repository.",audit_csv,84
paper_artifact_v36,${AQPR_PROJECT_ROOT}/results/13_external_validation_dataset_selection_and_preparation/smdg_journal_ready_package/notebook13_smdg_calibration_handoff_for_notebook16.json,,OMIT,OMITTED,"Internal manuscript, reviewer, or handoff traceability; omit from the minimal public repository.",handoff_json,6238
paper_artifact_v36,${AQPR_PROJECT_ROOT}/results/14_hygd_smdg_domain_shift_audit/handoff/notebook14_quality_proxy_patient_aggregation_handoff_for_notebook16.json,,OMIT,OMITTED,"Internal manuscript, reviewer, or handoff traceability; omit from the minimal public repository.",handoff_json,4761
paper_artifact_v36,${AQPR_PROJECT_ROOT}/results/15_aqpr_expanded_core_audit_all_hygd_v31/notebook15_expanded_claim_boundary_handoff.json,,OMIT,OMITTED,"Internal manuscript, reviewer, or handoff traceability; omit from the minimal public repository.",handoff_json,2079
