repository_path,forbidden_matches,status
README.md,,PASS
configs/paths.example.env,,PASS
configs/project_config.example.json,,PASS
data/README.md,,PASS
docs/ARTIFACT_MATERIALIZATION.csv,,PASS
docs/EVIDENCE_REGISTRY_PUBLIC.csv,,PASS
docs/FILE_MAP.csv,,PASS
docs/HELD_ARTIFACTS.csv,,PASS
docs/MANUSCRIPT_MAP.md,,PASS
docs/NOTEBOOK_VALIDATION.csv,,PASS
docs/OMITTED_ARTIFACTS.csv,,PASS
docs/RELEASE_STATUS.md,,PASS
docs/REPOSITORY_FILE_HASHES.csv,,PASS
docs/REPRODUCIBILITY.md,,PASS
docs/STAGING_VALIDATION.json,,PASS
models/README.md,,PASS
notebooks/README.md,,PASS
requirements.txt,,PASS
results/README.md,,PASS
results/exploratory/notebook10/experiment_plan.csv,,PASS
results/exploratory/notebook10/final_status.json,,PASS
results/exploratory/notebook10/final_synthesis.csv,,PASS
results/exploratory/notebook10/full_image_vs_anatomy_summary.csv,,PASS
results/exploratory/notebook10/training_config.json,,PASS
results/exploratory/notebook11/experiment_plan.csv,,PASS
results/exploratory/notebook11/final_status.json,,PASS
results/exploratory/notebook11/final_synthesis.csv,,PASS
results/exploratory/notebook11/hybrid_vs_baselines_summary.csv,,PASS
results/exploratory/notebook11/training_config.json,,PASS
results/main_tables/final_main_table_dataset_roles_and_frozen_component_development.csv,,PASS
results/main_tables/final_main_table_expanded_model_claim_boundary.csv,,PASS
results/main_tables/final_main_table_hygd_proxy_cdr_face_validity.csv,,PASS
results/main_tables/final_main_table_hygd_quality_proxy_patient_aqpr.csv,,PASS
results/main_tables/final_main_table_smdg_source_calibration_primary.csv,,PASS
results/main_tables/final_main_table_smdg_source_transportability.csv,,PASS
results/main_tables/final_supp_table_expanded_model_claim_boundary_numeric_anchors.csv,,PASS
results/main_tables/final_supp_table_hygd_patient_aggregation_robustness.csv,,PASS
results/main_tables/final_supp_table_smdg_global_calibration.csv,,PASS
results/main_tables/final_v36_table_auc_delta_formula.csv,,PASS
results/main_tables/final_v36_table_endpoint_parameters.csv,,PASS
results/main_tables/final_v36_table_outside_od_root_cause_top_features.csv,,PASS
results/main_tables/final_v36_table_proxy_morphometric_vs_end_to_end.csv,,PASS
results/main_tables/final_v36_table_secondary_patch_occlusion_robustness.csv,,PASS
results/supplementary/S01_smdg_global_calibration_raw_vs_scaled.csv,,PASS
results/supplementary/S02_smdg_source_calibration_primary_full.csv,,PASS
results/supplementary/S03_smdg_source_calibration_all_models.csv,,PASS
results/supplementary/S04_smdg_source_metric_eligibility.csv,,PASS
results/supplementary/S05_smdg_reliability_bins.csv,,PASS
results/supplementary/S06_hygd_quality_score_definition.csv,,PASS
results/supplementary/S07_hygd_quality_tertile_thresholds.csv,,PASS
results/supplementary/S08_hygd_proxy_quality_evidence.csv,,PASS
results/supplementary/S09_hygd_proxy_cdr_difference.csv,,PASS
results/supplementary/S12_hygd_patient_aggregation_robustness_compact.csv,,PASS
results/supplementary/S13_hygd_near_duplicate_threshold_summary.csv,,PASS
results/supplementary/S15_smdg_label_harmonization_policy.csv,,PASS
results/supplementary/S17_saliency_sanity_degradation_ci.csv,,PASS
results/supplementary/S18_deletion_insertion_auc_guided_minus_random_ci.csv,,PASS
results/supplementary/S19_perturbation_odoc_minus_random_ci.csv,,PASS
results/supplementary/S20_perturbation_method_stability.csv,,PASS
results/supplementary/S21_expanded_claim_boundary_full.csv,,PASS
results/supplementary/S22_v36_endpoint_parameter_table.csv,,PASS
results/supplementary/S23_v36_auc_delta_formula_table.csv,,PASS
results/supplementary/S25_v36_matched_random_saliency_ablation.csv,,PASS
results/supplementary/S26_v36_matched_random_perturbation_ablation.csv,,PASS
results/supplementary/S27_v36_secondary_patch_occlusion_summary.csv,,PASS
results/supplementary/S29_v36_proxy_morphometric_vs_end_to_end_hygd.csv,,PASS
results/supplementary/S30_v36_outside_od_root_cause_top_features.csv,,PASS
results/supplementary/S31_v36_outside_od_root_cause_univariate_auc.csv,,PASS
