repository_path,size_bytes,sha256
.gitignore,315,1ca22dca7f9254837ec26b89b8c607f3f1b309efd6dde75c9a666f10b7d46890
README.md,2256,93e9b2412f423dc1e543530ed9a338fb11113a491b1839e6a746bdf4c0a4c834
configs/paths.example.env,309,c64e6b68b706e616083a2c84461649f0a58ebc658ccb79fdf70305133f60706a
configs/project_config.example.json,589,e47d6dfa18086848be6fd91a5e2029d8e64cd6b5d4b8584abbb49f73367f9374
data/README.md,412,de9d39aafe698bf19cec29a3fadca48a39fd2cb8333539d7ae6e9decbda83d65
docs/ARTIFACT_MATERIALIZATION.csv,38770,aa6eb9f022af5299db85c7cf8bc9c0edd1e2f0b52ae0b40fa8f2cc623170f592
docs/BUILD_REPORT.md,1487,74fce76d2ea74a83ff79d241fd907aca0785b48936c5503572bdee7da86edd6e
docs/EVIDENCE_REGISTRY_PUBLIC.csv,15546,adb2487b61750a5812695737a83a310788c09e7bbad0b10b53e2e0701e69fa77
docs/FILE_MAP.csv,37828,9141e4f85a231d3dc112bc2eda2d651947da30ee3232f2f3d6bf79db5d05654a
docs/HELD_ARTIFACTS.csv,2782,10af32e31fad96e4b8f81ae7dd85febe155a0f6a0645830a1c054b1d7fa3cacc
docs/MANUSCRIPT_MAP.md,1741,6791cd82969916eff36f1afb0e311a15057390e7dbe30f80714597310f6476bd
docs/NOTEBOOK_VALIDATION.csv,2294,28686489932b0acd5cb13216f4629b273a3d59658b66ab4cafaa76b1e03c3621
docs/OMITTED_ARTIFACTS.csv,10514,0c0e8a2f82107e116006ce4f07a7d08730ed9bb136f6ef9bdf0d3720d881fa7f
docs/PUBLIC_CONTENT_SCAN.csv,4064,eb6eb87cbbae2786bc5a661f2d6a733a3fdf995d234b19a91399e821f74f16c4
docs/RELEASE_STATUS.md,1012,f674edeb7009b5a9dabc5b518ad3efef5f34f48989729b253b047bad7e3ebdf2
docs/REPOSITORY_FILE_HASHES.csv,13199,e200a7c7b66f3cb0fcca372938cb996b161718f268e248e7e5dbb6b57f6a0930
docs/REPRODUCIBILITY.md,602,3eae554ce5e0ad265d1a70490fae0df910437bf0ad2bc3a1d383dfbab9ad9698
docs/STAGING_VALIDATION.json,350,3f9b8c4b81a971e7cdc8b48e82a49ef4f8db26b3800778036fb058cdc16d9a54
models/README.md,351,b3b0671bbea7785031153aa7a2da3c02dd35ca9358f886479ee2bd470bfb1b78
notebooks/README.md,354,a8032d3c45b8e11441a27c60751e5d618887a825db0d2742989f2f0b25318cff
notebooks/core/01_hygd_data_audit.ipynb,18419,061338c794e85f9247bd4b9fe4cc49267e9da7ff8c94f6dd8fec32ed30fe6c79
notebooks/core/02_patient_safe_splits.ipynb,26630,c3269cb2673874fb0aca817f6980dc3309ac884b18fe5600ccd329527c07429c
notebooks/core/03_quality_preprocessing_audit.ipynb,20078,ee2adc86fd900f6291d91f31edc44e990482533eea18b84e15e2c29f08ac1cc5
notebooks/core/04_od_oc_segmenter_development.ipynb,122458,efece070c4f0d3bdad79bd00249bc19f0cf49c1edd36d1afce82854bf09548ec
notebooks/core/05_segmenter_cross_dataset_validation.ipynb,173867,e51a583b3da221fcc30e52e8a3c716421601e9ba70f29ae735ae29679f8e8707
notebooks/core/06_hygd_proxy_generation.ipynb,146627,b833605ff0004a8c8c394028289d50de2894f5a2603b65725baa7c62c156abfd
notebooks/core/07_classifier_panel_training.ipynb,335727,e77eb508190b00f6f0048c0fe053d51b396b533286c7c418c282e1c266408844
notebooks/core/08_anatomical_xai.ipynb,280043,c3b2db304c88f0853a7e07236a044360cb1d542c7d13474f99ab5873bb683880
notebooks/core/09_shortcut_controls.ipynb,281747,fc2ab0109d0b9adc705d5ae14032a75b009e72d1939025b9d83538f2f2bb5fb7
notebooks/core/12_model_freezing_audit.ipynb,323536,7af4e039339bbeeb2a88a178d7b1439862fced0fb9e8e0a1d8a9ec886ff18126
notebooks/core/13_external_transportability.ipynb,341471,cff92e722c76d928f8871a5eae6c5255387a719965059a8295f52b0e7ded9b57
notebooks/core/14_quality_patient_domain_shift.ipynb,348672,66a0ea3fbe5d81a2c76e58c2c6a14cf1ec5639b23caf1b8d228727e40e8d1910
notebooks/core/15_expanded_aqpr_endpoints.ipynb,256375,ef81193ee97a76ecbccd2497e02a807edec7c72f855574f09f8568265f0bd887
notebooks/core/16_paper_outputs.ipynb,96185,1e70ffe72a19dd00ac1bb321016dba91183e59b3fb14bb6fa4e8b6180da6332a
notebooks/exploratory/10_anatomy_constrained_training.ipynb,242871,599b9a84050cec9f63cd6c9293800a7cce34d17ece15da1b5bf69128814f1a1e
notebooks/exploratory/11_hybrid_anatomy_aware_training.ipynb,219708,44844e86c027d745c759c95a54f972e3e609613f7d68ece7a6b936de299c0991
requirements.txt,239,a6128d3e8abd90cb3f6ca2af2e47e12ee876575aba3591d1cb47fce4831436f2
results/README.md,1132,fe0309e5421dcb66ec80e32c328c9291cf03f0e055afda75606ed2454683aa46
results/exploratory/notebook10/experiment_plan.csv,1119,dd55ce2372f65571de199f3021acfdeda008eb35f47798c8b181f4ed5863a777
results/exploratory/notebook10/final_status.json,7558,3eed636c4379c0235ce50903407af133b42edb60e54089ddda32fcb8b5774ebd
results/exploratory/notebook10/final_synthesis.csv,2270,e0b2b03492cf41ca8424635b4412c47c53ca5af9fc21e015c6f90437225ace24
results/exploratory/notebook10/full_image_vs_anatomy_summary.csv,3083,487c009fa9939ad83aa961385639769d4d429332503b957214128552cfcaaa34
results/exploratory/notebook10/training_config.json,877,cf047df154562d48a2cb71a06f4421c7526ba06b0e12a6c9045b602316973ceb
results/exploratory/notebook11/experiment_plan.csv,759,9900f7b774fddaa3d95786d3ad0df1c387261b3dcdbb72fa9fb3a42ce29a3839
results/exploratory/notebook11/final_status.json,5474,a1297da992bc57ecaf7f71b307df50a129d7a925cd1a1b9693fffd702cb73fa9
results/exploratory/notebook11/final_synthesis.csv,1989,a30d136ca37be8829524f50d3c9a74d5a09a03da1977e15314c75b6abe764894
results/exploratory/notebook11/hybrid_vs_baselines_summary.csv,3499,8d6ef3f718c004cdebaa2632b12bbfa27e39025213cf6cd84e96bb1eec8c053d
results/exploratory/notebook11/training_config.json,1466,5470dfff207c9bc01fccf0028933b7eee146bc426ebf914652d3f8cb8d58059d
results/main_tables/final_main_table_dataset_roles_and_frozen_component_development.csv,1791,d0b7f222688833990cd805648db69174bc8ad42535c11c37d8acb1afb4410724
results/main_tables/final_main_table_expanded_model_claim_boundary.csv,883,e5f83aca437e1a7301adfcfcf70542b041ff829c0bc9a87eec5d3c3bbc443313
results/main_tables/final_main_table_hygd_proxy_cdr_face_validity.csv,320,aaab16bcb2180b8c5ce594e14a91fe92764099d913656ac2c5e34da4c55a821a
results/main_tables/final_main_table_hygd_quality_proxy_patient_aqpr.csv,859,e86f7f7647164312c86ae2d8409ecc2cc44e91c2e4389e03d999ded8c514b1b0
results/main_tables/final_main_table_smdg_source_calibration_primary.csv,2904,2846049ee80784ab6f65e8d2f4c72c9ff2f9feaec04d11c16c92a408a4bfbf2d
results/main_tables/final_main_table_smdg_source_transportability.csv,1842,f8faa97671720387032a0d6d9bb2c01535c6d962403a8b3e694496beda48c427
results/main_tables/final_supp_table_expanded_model_claim_boundary_numeric_anchors.csv,1027,79a84e3670aa1f6b9585365aa50c1067faf3c6a2e1fe510a04cf893aa47cd3c7
results/main_tables/final_supp_table_hygd_patient_aggregation_robustness.csv,578,75dd858f778c2189191e275ef460763c384ad28995a7b94a96be35bd7c1d50d7
results/main_tables/final_supp_table_smdg_global_calibration.csv,1162,4d304dd11bd2ad758d1de89a8d1c1979365a231950167e2c30828b9c11d55ba7
results/main_tables/final_v36_table_auc_delta_formula.csv,1424,fcb90545548818a99ff54407eec90751264e68451599a6b04b78b6eef37284e9
results/main_tables/final_v36_table_endpoint_parameters.csv,1542,0fb5271417c8d269104fb5cc9732f83a067f92d1d44f0918145fae2d6a6658a7
results/main_tables/final_v36_table_outside_od_root_cause_top_features.csv,2511,4093bd106211f0a61da192259ca9847cb103751e83af4490e5a7f62ccbea9b42
results/main_tables/final_v36_table_proxy_morphometric_vs_end_to_end.csv,7371,30a6d72edfe21190674f8a515a2bb2256e65345807257e421cb228f102b6af9e
results/main_tables/final_v36_table_secondary_patch_occlusion_robustness.csv,869,719b317abf68b7db249e8f36dc4ae5374608f1a6adef913f167ec4e5e4e3092a
results/reference_figures/final_notebook13_figure_smdg_reliability_pooled_raw_vs_scaled_primary_model.pdf,18250,4838127af519e4978abb8fe376d427b7d0ed1fc5cbd1cb47233a8b439d22295e
results/reference_figures/final_notebook13_figure_smdg_reliability_pooled_raw_vs_scaled_primary_model.png,66075,8ff6dc5914efecbb43e07e26d3ef3c26aa4e6c801e2c725f00f7cbefbc974e1a
results/reference_figures/final_notebook13_figure_smdg_reliability_representative_sources_raw_vs_scaled_primary_model.pdf,28781,87067e72009e4e763791a74305816cec84b4031536128fc72db81d32288f480b
results/reference_figures/final_notebook13_figure_smdg_reliability_representative_sources_raw_vs_scaled_primary_model.png,313578,3ab17958c86b93a34c026915fbc3495ed689f3018851d563a5b317218edc2346
results/reference_figures/final_notebook14_notebook14_figure_hygd_forensic_duplicate_audit.pdf,18197,a1da05208a42cce4d822afad8ce960c4b1c0375bd96cb761a75f08f180192185
results/reference_figures/final_notebook14_notebook14_figure_hygd_forensic_duplicate_audit.png,250230,d90f0e1aa37fd0160df30ddd18760c4885a157509c202e70128daa0c7686430c
results/reference_figures/final_notebook14_notebook14_figure_hygd_quality_stratified_aqpr.pdf,21653,780dc804325e58ed891c83f8ce83c64013bd1ec5ae664c09ea41e57e5a77a78c
results/reference_figures/final_notebook14_notebook14_figure_hygd_quality_stratified_aqpr.png,219683,80a7f228ec2a9cbc2a1070a1688bcc2c849a045c813c6ba81a5c7649ecc2d1fa
results/reference_figures/final_notebook14_notebook14_figure_smdg_source_shift_prevalence.pdf,21427,93584b93f537faeab84f2640972e4892061f22261d7f2beb25372b25de4c442d
results/reference_figures/final_notebook14_notebook14_figure_smdg_source_shift_prevalence.png,233921,cc185f38e29b17b36e8e6c9a292d2c904088d7f6ed90b3fd81ea48914c41e860
results/reference_figures/final_notebook15_notebook15_figure_deletion_insertion_faithfulness.pdf,22523,41a937dea3af0723020518a77cd319aadbe4389fcfc920cb2f659a253da61dc5
results/reference_figures/final_notebook15_notebook15_figure_deletion_insertion_faithfulness.png,437762,8736cf1257ff8a5f6372c47e310d51478d8233f90aeb3cd15c2ff4a55d4a47a5
results/reference_figures/final_notebook15_notebook15_figure_perturbation_sensitivity.pdf,19581,5adcda08c97a4d6af1b16fbc7a0723478be94e90afcc053eed0ba1d96d978344
results/reference_figures/final_notebook15_notebook15_figure_perturbation_sensitivity.png,253308,6d13c833e9c7c9614f22a25699bf33656dae329cd57f2ed646efaf5f03c01bae
results/reference_figures/final_notebook15_notebook15_figure_saliency_sanity.pdf,17994,8b865016d9ca3280f21b585531020a2d908f600d9bcef54024672c314835cb77
results/reference_figures/final_notebook15_notebook15_figure_saliency_sanity.png,226972,69f29a93d4af77109c7b5bd209c109708788a21a15f4cc419f24581c2ce5672d
results/supplementary/S01_smdg_global_calibration_raw_vs_scaled.csv,1192,7caa01f1a81703d67b37d5592d0b8a7d0f2ba492fa016f8fdd8b1bbc90f4ddf2
results/supplementary/S02_smdg_source_calibration_primary_full.csv,6980,ff7da43f9eaad0a09aba7637695398197e7c79c9d24648e10d63fd893e6a554b
results/supplementary/S03_smdg_source_calibration_all_models.csv,26306,3dd2fb0d3776a06240863bdf7f081ae068674cc256878e44fd0599c6f4a72961
results/supplementary/S04_smdg_source_metric_eligibility.csv,1590,aa6eb90a54194cc5adface130cfb85667adadb835c1a2017efb5288b0c8931de
results/supplementary/S05_smdg_reliability_bins.csv,284781,ffff62e90a46a24aed44a3e962b7f10831de7e0b1c3fd5b361dd7f6ab40e50f5
results/supplementary/S06_hygd_quality_score_definition.csv,1365,47d914491c3442597c3b18530a4e4ea3e4449e3a26c626ed53a50198a065d901
results/supplementary/S07_hygd_quality_tertile_thresholds.csv,497,4aadd623e554a01aac0d885ee8b38c00fc214a276314cf396615e15a52d6f036
results/supplementary/S08_hygd_proxy_quality_evidence.csv,4131,bc38b7a07bd66093895036cabf46e2e4337c2e3ac3ae497642f4d51b9c1df26a
results/supplementary/S09_hygd_proxy_cdr_difference.csv,451,b9de66e04ca315f13271a78d61e279dbbf41593d910e6b0974cda2eb0d1a7983
results/supplementary/S12_hygd_patient_aggregation_robustness_compact.csv,583,d3c576b9957ee9f3cb484d933f63b12cc522a84c1e1f86f2dce74dec7dba7876
results/supplementary/S13_hygd_near_duplicate_threshold_summary.csv,1683,cbd76b091e7d264aae790a18cc6c7f509e88243cc79da1c0cecbb31b749e4b4a
results/supplementary/S15_smdg_label_harmonization_policy.csv,3394,566ced8c81f9eeb1f3a19f6b9efab0364db0001ec9ee2f13d036cbeb89f955d4
results/supplementary/S17_saliency_sanity_degradation_ci.csv,30081,d7c244d4877d9f40321514adfbf04720f294cd0eecf1448bcc24c5e89155f846
results/supplementary/S18_deletion_insertion_auc_guided_minus_random_ci.csv,30348,a0a51ed0b5b91a0192e2b701a39de0362bc8643e699053c0e5e80f40ca2fb9b5
results/supplementary/S19_perturbation_odoc_minus_random_ci.csv,437384,d348d459a469aab2a5225611e1c6c8953a1d91e4f4747c8c16d8cfda24f59331
results/supplementary/S20_perturbation_method_stability.csv,7502,8ca067e6996d188b755ebdb4fbedd392942c99048704701f1ce278aabff3dd81
results/supplementary/S21_expanded_claim_boundary_full.csv,3450,22a49fffc8ae23f43224648a1de054c2d076a326f8001dde25be2cbea77f01ca
results/supplementary/S22_v36_endpoint_parameter_table.csv,1542,0fb5271417c8d269104fb5cc9732f83a067f92d1d44f0918145fae2d6a6658a7
results/supplementary/S23_v36_auc_delta_formula_table.csv,1424,fcb90545548818a99ff54407eec90751264e68451599a6b04b78b6eef37284e9
results/supplementary/S25_v36_matched_random_saliency_ablation.csv,3884,7198dd98241ff968968995f60847aafe738dc16198dcfdd7ed54a86edb34a6eb
results/supplementary/S26_v36_matched_random_perturbation_ablation.csv,3816,d00c928e9a8d3dd17d9c03b5e9b326c1a23dd6700b64701f7ae60fd12971a807
results/supplementary/S27_v36_secondary_patch_occlusion_summary.csv,1190,6719cc5a6e81e59e422ceba3d6e3ccd70972f1e348c8eca5bce6001e99d78c2f
results/supplementary/S29_v36_proxy_morphometric_vs_end_to_end_hygd.csv,7375,3eae7a93541433d0112a079822b18037dbf0813dfccd2722007b39d8640425f9
results/supplementary/S30_v36_outside_od_root_cause_top_features.csv,2514,72d5b8396803cb6bd5b5730c7415cab82804f48d58a2dad4aeefc2140a512299
results/supplementary/S31_v36_outside_od_root_cause_univariate_auc.csv,6787,7f333b913af07e732af2fb6ca0e5f9550cf516002196f16bbf93bcf85375e75c
